{
  "directed": true,
  "multigraph": false,
  "graph": {
    "session_id": "51438256",
    "original_query": "Write a 1000 word report on India's current GPD. We are paid only $10 for this, so need a short report only.",
    "file_manifest": [],
    "created_at": "2025-07-02T06:37:36.746079",
    "status": "running",
    "globals_schema": {
      "india_gdp_data_T001": [],
      "total_tokens": 1977.0,
      "gdp_key_points_T002": {
        "initial_thoughts": {
          "entity_1": "No specific entities to analyze as input data `india_gdp_data_T001` is empty. Requires data for GDP figures, growth trends, and sector contributions.",
          "entity_2": "Without data, I cannot identify important figures, growth trends, or contributing sectors.",
          "overall_observations": "I cannot fulfill the request to analyze GDP data, trends, or significant events since the provided dataset is empty. Need real data to proceed with analysis."
        },
        "review_checklist": {
          "alignment_with_goal": "The task cannot be completed as the input data is missing. The goal is to analyze GDP data, which I cannot do without it.",
          "what_was_missed": "All aspects are missed, including data points, trends, sector contributions, and significant events. It's impossible to identify anything without data.",
          "risk_of_misleading": "Outputting any information without data would be entirely misleading. It's crucial to avoid making baseless claims or assumptions.",
          "improvement_opportunities": "The primary improvement would be to receive the actual GDP data. I can then perform the analysis as requested."
        },
        "final_report": {
          "summary": "Analysis is impossible due to the absence of input data in `india_gdp_data_T001`. No GDP figures, growth trends, or sector contributions can be identified.",
          "detailed": "A comprehensive analysis of India's GDP requires historical GDP figures, sectoral contributions, and information on significant economic events. Without these data points, it is impossible to identify important figures, growth trends, or contributing sectors. The analysis should typically include year-on-year GDP growth rates, sectoral breakdowns (e.g., agriculture, industry, services), and a discussion of the factors influencing GDP performance. These factors could include government policies, global economic conditions, investment levels, and demographic trends. Ideally, the analysis would also highlight any significant changes or economic events affecting the GDP, such as policy reforms, economic crises, or major infrastructural projects. The report would then delve into the specifics of each sector, assessing their respective contributions to overall GDP growth. For example, it would examine the growth rates of key industries within the industrial sector, the performance of various sub-sectors within the service sector, and the impact of agricultural output on GDP. The analysis would also consider the impact of various economic indicators on the GDP, such as inflation rates, interest rates, exchange rates, and trade balances. Furthermore, it would evaluate the effectiveness of government policies aimed at stimulating economic growth and investment. It would also assess the resilience of the Indian economy to external shocks and identify potential risks to future GDP growth. Finally, the analysis would provide insights into the long-term trends in India's GDP and highlight the opportunities and challenges facing the Indian economy in the years to come. With the absence of relevant data, this comprehensive GDP analysis is impossible.",
          "tables": [],
          "recommendations": [
            "Provide the necessary GDP data for accurate analysis.",
            "Include data on GDP figures, growth rates, sector contributions, and significant economic events."
          ],
          "risks_or_warnings": [
            "Any analysis performed without the data would be speculative and unreliable.",
            "Relying on assumptions without data can lead to inaccurate conclusions and misguided decisions."
          ],
          "key_factors_considered": [
            "Absence of GDP figures.",
            "Lack of sector contribution data.",
            "Missing information on economic events.",
            "Unavailable growth trend data."
          ],
          "task_completion_score": 0.0
        }
      },
      "india_gdp_report_T003": {
        "report_title": "India's GDP: Analysis Based on Provided Key Points",
        "executive_summary": "This report was commissioned to provide an analysis of India's current GDP, focusing on key points and statistics. However, the input data (`india_gdp_data_T001`) provided was found to be empty. Consequently, a data-driven analysis is impossible. This report will summarize the limitations encountered and suggest the necessary data inputs required for a comprehensive GDP assessment.",
        "introduction": "Gross Domestic Product (GDP) is a critical indicator of a nation's economic health, reflecting the total value of goods and services produced over a specific period. A detailed analysis of India's GDP would typically encompass historical trends, sectoral contributions, and the impact of significant economic events. Unfortunately, the absence of underlying data precludes such an analysis in this instance.",
        "limitations_of_analysis": "The primary constraint in preparing this report is the lack of substantive data. As highlighted in the `gdp_key_points_T002`, the dataset `india_gdp_data_T001` is empty. This absence prevents: \n\n*  Quantifiable analysis of GDP figures\n*  Identification of growth trends over time\n*  Assessment of sectoral contributions (e.g., agriculture, industry, services)\n*  Examination of the impact of economic policies and events",
        "required_data_inputs": "To conduct a meaningful analysis, the following data inputs are essential:\n\n*   Historical GDP figures: Year-on-year GDP values to establish growth rates and trends.\n*   Sectoral breakdown: Data on the contributions of various sectors to the overall GDP.\n*   Economic event data: Information on significant policy changes, economic crises, and infrastructural projects impacting GDP.\n*   Economic Indicators: Data regarding inflation rates, interest rates and exchange rates",
        "potential_analysis_areas_with_data": "With the availability of the aforementioned data, the following areas could be analyzed:\n\n*   GDP Growth Rate: Examination of annual growth rates and comparison with previous years and global benchmarks.\n*   Sectoral Analysis: Assessment of the performance and contribution of key sectors, identifying growth drivers and areas of concern.\n*   Policy Impact: Evaluation of the effectiveness of government policies in stimulating economic growth.\n*   Economic Trends: Analysis of long-term trends and identification of opportunities and challenges for the Indian economy.",
        "conclusion": "In conclusion, this report serves primarily to acknowledge the limitations imposed by the absence of data. A comprehensive analysis of India's GDP remains contingent on the provision of the necessary data inputs. Until such data is available, any attempt to analyze GDP figures, growth trends, or sector contributions would be speculative and unreliable.",
        "recommendations": [
          "Provide the necessary GDP data for accurate analysis.",
          "Include data on GDP figures, growth rates, sector contributions, and significant economic events."
        ]
      }
    },
    "validation_results": {
      "is_valid": true,
      "is_dag": true,
      "cycles": [],
      "disconnected_components": [],
      "orphaned_nodes": [],
      "root_nodes": [],
      "leaf_nodes": [
        "T003"
      ],
      "warnings": [],
      "errors": []
    },
    "file_profiles": {}
  },
  "nodes": [
    {
      "description": "Initial Query",
      "agent": "System",
      "status": "completed",
      "output": null,
      "error": null,
      "cost": 0.0,
      "start_time": null,
      "end_time": null,
      "execution_time": 0.0,
      "id": "ROOT"
    },
    {
      "id": "T001",
      "description": "Research India's current GDP from reliable sources.",
      "agent": "RetrieverAgent",
      "agent_prompt": "Conduct a thorough search to find the most recent and reliable data on India's Gross Domestic Product (GDP). Focus on official sources like the World Bank, IMF, and the Reserve Bank of India to ensure accuracy. Collect data points, growth rates, and contributing factors to the GDP.",
      "reads": [],
      "writes": [
        "india_gdp_data_T001"
      ],
      "status": "completed",
      "output": {
        "india_gdp_data_T001": [],
        "call_self": false,
        "code_variants": {
          "CODE_1A": "results = search_web_with_text_content('India GDP growth rate World Bank IMF RBI', 8)\nreturn {'india_gdp_data_T001': results}",
          "CODE_1B": "data = search_web_with_text_content('India GDP data points contributing factors Reserve Bank of India', 6)\nreturn {'india_gdp_data_T001': data}"
        },
        "cost": 0.00034964999999999996,
        "input_tokens": 2085.0,
        "output_tokens": 61.5,
        "total_tokens": 2146.5,
        "execution_result": null,
        "execution_status": "success",
        "execution_error": null,
        "execution_time": null,
        "executed_variant": null
      },
      "error": null,
      "cost": 0.00034964999999999996,
      "start_time": "2025-07-02T06:37:36.766037",
      "end_time": "2025-07-02T06:38:18.798863",
      "execution_time": 42.032826,
      "execution_result": {
        "status": "success",
        "session_id": "51438256",
        "operations": [
          "python_code"
        ],
        "created_files": [],
        "file_results": {},
        "code_results": {
          "status": "success",
          "result": {
            "india_gdp_data_T001": [
              {
                "type": "text",
                "text": "[{'url': 'https://www.rbi.org.in/Scripts/PublicationReportDetails.aspx?ID=1269', 'content': 'Reports- Reserve Bank of India Skip to main content Language Click here to Visit the RBIs new website Search the Website Search Home About Us Notifications Press Releases Speeches & Media Interactions Speeches Media Interactions Memorial Lectures Publications Biennial Annual Half-Yearly Quarterly Bi-monthly Monthly Weekly Occasional Reports Working Papers Legal Framework Act Rules Regulations Schemes Research External Research Schemes RBI Occasional Papers Working Papers RBI Bulletin History DRG Studies KLEMS State Statistics and Finances Statistics Data Releases Database on Indian Economy Public Debt Statistics Regulatory Reporting List of Returns Data Definition Validation rules/ Taxonomy List of RBI Reporting Portals FAQs of RBI Reporting Portals Home Publications Reports Reports 5777 kb Date : 27 Jun 2024 Chapter I: Macrofinancial Risks The global financial system remains resilient and financial conditions stable despite an uncertain and challenging backdrop marked by last mile disinflation process, elevated public debt, geopolitical tensions and economic fragmentation. The Indian economy and the financial system, on the other hand, strengthened by solid macroeconomic fundamentals and healthy balance sheets of financial institutions, are exhibiting robust growth and greater resilience. Introduction 1.1 Since the December 2023 issue of the Financial Stability Report (FSR), the global financial system has shown remarkable resilience, weathering the halting progress in the last mile of disinflation, financial stability risks stirred up by higher for longer stance of monetary policy and bouts of volatility unsettling financial markets on incoming data. As market expectations about the future course of monetary policy re-aligned with policy guidance, financial conditions have stabilised and risks of a hard landing have receded. Nonetheless, financial stability risks remain significant in the context of diverging economic conditions across geographies, stretched asset valuations amidst flux in volatility fear gauges, high levels of global debt and commercial real estate strains. Prolonged geopolitical tensions and potential shocks to logistics and supply chains remain a clear and present threat with spillovers to commodity prices, the ongoing disinflation and eventually to the global economic outlook. 1.2 Against this backdrop, the International Monetary Fund (IMF) has projected 1 global growth to remain steady at 3.2 per cent in 2024 as in 2023, 0.3 percentage points higher than in its October 2023 World Economic Outlook update ( Chart 1.1 a ). The World Bank, on the other hand, projects global growth to be lower at 2.6 per cent in 2024 ( Chart 1.1 b ). 1.3 The goal of bringing inflation down to targets remains the key focus of monetary policy authorities the world over, although headwinds are being encountered from sticky services inflation, elections across half the worlds population, and the recent firming up of commodity prices, besides persisting geopolitical tensions ( Chart 1.2 a and b ). 1.4 In this uncertain international economic and financial environment, the Indian economy is exhibiting resilience and remains the fastest growing major economy. Moreover, Indias contribution to global growth is rising and currently stands at 18.5 per cent in 2023-24 2 . 1.5 Real GDP growth is on a rising trajectory, supported by macroeconomic and financial stability. Inflation is moderating, albeit at an uneven pace, fiscal consolidation is underway and the external sector position is improving in spite of global spillovers. The domestic financial system is well buffered with strong capital and liquidity ratios, declining levels of asset impairment and rising profitability ( Charts 1.3 , 1.4 , 1.5 a, b and c ). 1.6 Indias financial system is bank dominated and, therefore, sound health of the banking system is a sine qua non for preserving financial stability. Banks balance sheets are consistently improving, with multi-year low non-pe', 'images': [{'url': 'https://www.rbi.org.in/scripts/images/05MACRORISK27062024_1.jpg', 'alt_text': 'Chart 1.1: Global Growth Forecast', 'confidence': 0.7}, {'url': 'https://www.rbi.org.in/scripts/images/05MACRORISK27062024_2.jpg', 'alt_text': 'Chart 1.2: Global Headline Inflation', 'confidence': 0.7}, {'url': 'https://www.rbi.org.in/scripts/images/05MACRORISK27062024_3.jpg', 'alt_text': 'Chart 1.3: Macroeconomic Fundamentals', 'confidence': 0.7}, {'url': 'https://www.rbi.org.in/scripts/images/05MACRORISK27062024_4.jpg', 'alt_text': 'Chart 1.4: Financial System Soundness', 'confidence': 0.7}, {'url': 'https://www.rbi.org.in/scripts/images/05MACRORISK27062024_5.jpg', 'alt_text': 'Chart 1.5: Reserve Adequacy and Banking System Buffers', 'confidence': 0.7}], 'rank': 1}, {'url': 'https://www.imf.org/en/Countries/IND', 'content': '[error] Timeout while extracting content', 'rank': 2}, {'url': 'https://pib.gov.in/PressReleasePage.aspx?PRID=2094025', 'content': \"Press Release:Press Information Bureau Ministry of Information & Broadcasting India: Worlds Fastest-Growing Major Economy World Bank forecasts 6.7% growth for India, surpassing global growth of 2.7% Posted On:\\r         18 JAN 2025 4:11PM by PIB Delhi Introduction India is set to dominate the global economic landscape, maintaining its status as the fastest-growing large economy for the next two fiscal years . The January 2025 edition of the World Banks Global Economic Prospects (GEP) report projects India's economy to grow at a steady rate of 6.7% in both FY26 and FY27, significantly outpacing global and regional peers. At a time when global growth is expected to remain at 2.7 per cent in 2025-26, this remarkable performance underscores Indias resilience and its growing significance in shaping the worlds economic trajectory. The GEP report credits this extraordinary momentum to a thriving services sector and a revitalised manufacturing base, driven by transformative government initiatives. From modernising infrastructure to simplifying taxes, these measures are fuelling domestic growth and positioning India as a cornerstone of global economic stability. With its closest competitor, China, decelerating to 4 per cent growth next year, Indias rise is more than just a statistic. It is a powerful story of ambition, innovation, and unmatched potential. Complementing the World Bank report, the latest update from the International Monetary Funds (IMF) World Economic Outlook (WEO) also reinforces Indias strong economic trajectory. The IMF forecasts India's growth to remain robust at 6.5% for both 2025 and 2026, aligning with earlier projections from October. This consistent growth outlook reflects Indias stable economic fundamentals and its ability to maintain momentum despite global uncertainties. The continued strength of Indias economic performance, as projected by both the World Bank and IMF, underscores the countrys resilience and highlights the sustained strength of its economic fundamentals, making India a crucial player in the global economic landscape. Overview of World Banks GEP Report The Global Economic Prospects (GEP) report is a flagship publication of the World Bank Group that examines trends and projections in the global economy. It places a special emphasis on emerging markets and developing economies, offering insights into their growth trajectories and challenges. Published twice a year in January and June, the report serves as a vital resource for policymakers, economists, and researchers. The January edition delves into detailed analyses of pressing policy issues, while the June edition provides shorter, focused analytical pieces. The latest GEP report marks a significant milestone by offering the first comprehensive review of the performance of developing economies since the beginning of the 21st century. With 2025 signalling the end of its first quarter, the report assesses the progress made by these economies since 2000 and evaluates their future prospects over the next 25 years. This edition features two analytical chapters. One examines the opportunities and challenges faced by middle-income emerging and developing economies, while the other focuses on the progress and hurdles of the worlds poorest nations. Key Findings in January 2025 Report India is projected to remain the fastest-growing large economy for FY26 and FY27, reaffirming its dominance in the global economic landscape. Indias economy is expected to grow at a stable rate of 6.7 per cent annually during FY26 and FY27. Growth in Indias services sector is expected to remain robust, while manufacturing activity will strengthen, supported by government efforts to improve logistics infrastructure and streamline tax systems. Private consumption in India is likely to gain momentum, driven by a stronger labour market, increased access to credit, and lower inflation. Indias Investment growth is expected to remain steady, supported by rising private in\", 'images': [{'url': 'https://static.pib.gov.in/WriteReadData/specificdocs/photo/2021/aug/ph202183101.png', 'alt_text': 'azadi ka amrit mahotsav', 'confidence': 0.7}, {'url': 'https://static.pib.gov.in/WriteReadData/userfiles/socialmedianew/facebook.jpg', 'alt_text': 'Share on facebook', 'width': '40', 'confidence': 0.7}, {'url': 'https://static.pib.gov.in/WriteReadData/specificdocs/photo/2023/aug/ph2023818240601.jpg', 'alt_text': 'Share on twitter', 'width': '40', 'confidence': 0.7}, {'url': 'https://static.pib.gov.in/WriteReadData/userfiles/socialmedianew/whatsapp1.png', 'alt_text': 'Share on whatsapp', 'width': '40', 'confidence': 0.7}, {'url': 'https://static.pib.gov.in/WriteReadData/userfiles/socialmedianew/email1.png', 'alt_text': 'Share on email', 'width': '40', 'confidence': 0.7}], 'rank': 3}, {'url': 'https://www.worldbank.org/en/news/press-release/2023/10/03/india-s-growth-to-remain-resilient-despite-global-challenges', 'content': 'Indias Growth to Remain Resilient Despite Global Challenges Skip to Main Navigation Trending Data Non-communicable     diseases cause 70% of global     deaths Who             We Are What             We Do Where             We Work How             We Work Work             With Us News About the World         Bank Group Organization Partners History Archives Anti                     Racism                     Charter Experts &         Leaders Office                     of the                     President Boards                     of                     Governors Board                     of                     Directors Leadership Experts Accountability Annual                     Report Better Bank Initiative Access                     to                     Information Accountability                     Mechanism World                     Bank                     Group                     Scorecard Data                     Privacy World                     Bank                     Group                     Finances Integrity                     Vice                     Presidency Inspection                     Panel Grievance                     Redress                     Service Independent                     Evaluation                     Group Compliance                     Advisor                     Ombudsman Policies                     &                     Procedures Institutions IBRD IDA IFC MIGA ICSID Development         Projects Projects By                             Country By                             Sector By                             Theme Country                     Engagement Environmental                             &                             Social                             Policies                             for                             Projects Procurement                             for                             Projects                             &                             Programs Results Products &         Services Financing                     Products                     &                     Advisory                     Services Treasury Asset                     Management KNOWLEDGE World                     Bank                     Group                     Academy Research                     &                     Publications Data Learning Development                     Topics Open                     Knowledge                     Repository Trust                     Fund                     Directory Regions Africa East                     Asia and                     Pacific Europe', 'images': [], 'rank': 4}, {'url': 'https://economictimes.indiatimes.com/news/economy/indicators/rbi-mpc-meeting-gdp-forecast-indias-central-bank-retains-growth-forecast-6-5/articleshow/121664715.cms', 'content': 'BENCHMARKSLIVE Nifty25,491.60-50.21 FEATURED FUNDS UTI Aggressive Hybrid Fund Regular Plan-Growth 5Y RETURN 22.01 % INVEST NOW FEATURED FUNDS HSBC Large Cap Fund Direct-Growth 5Y RETURN 20.66 % INVEST NOW Enter search text: News English Edition | Today\\'s ePaper My Watchlist Subscribe Sign In Avail Free Trial of ETPrime Exclusive Offer For You! \\t Home ETPrime Markets Market Data AI Masterclass News Industry SME Politics Wealth MF Tech AI Careers Opinion NRI Panache India Web Stories Economy Politics Newsblogs Elections Defence More Business NewsNewsEconomyIndicatorsRBI MPC Meeting GDP Forecast: Indias central bank retains growth forecast at 6.5% RBI MPC Meeting GDP Forecast: Indias central bank retains growth forecast at 6.5% SECTIONS RBI MPC Meeting GDP Forecast: Indias central bank retains growth forecast at 6.5% ET OnlineLast Updated: Jun 06, 2025, 01:00:00 PM IST\\t FOLLOW US SHARE FONT SIZE SAVE PRINT COMMENT Synopsis RBI GDP Growth 2025: India retained its FY2025-26 GDP growth forecast at 6.5% amid global uncertainty. The RBI cut interest rates to 5.50% to spur growth. Despite Q4 GDP rising 7.4%, FY25 saw the slowest growth since COVID. India and the U.S. are finalizing a trade deal, while India is projected to become the worlds fourth-largest economy by 2025. Reuters Reserve Bank of India (RBI) Governor Sanjay Malhotra The Reserve Bank of Indias rate-setting Monetary Policy Committee on Friday retained Indias GDP forecast for FY2025-26 at 6.5% amid economic uncertainty, triggered by shifting trade dynamics around US President Donald Trumps sweeping tariffs. The RBI also retained its quarterly GDP growth projections for FY2025-26 at 6.5% for Q1, 6.7% for Q2, 6.6% for Q3, and 6.3% for Q4 unchanged from its previous estimates.  ALSO READ: RBI MPC opts for a \\'jumbo\\' rate cut to bring repo rate down to 5.5%, shifts to neutral stance  Our growth aspiration is between 7-8%, said said RBI governor Sanjay Malhotra while announcing the MPC\\'s decisions. The uncertainty around the global economic outlook has ebbed somewhat since the MPC met in April in the wake of temporary tariff reprieve and optimism around trade negotiations, said Malhotra. However, \"it continues to remain elevated to weaken sentiments and lower global growth prospects.\"  Trade policy uncertainty continues to weigh on merchandise exports prospects, while the conclusion of free trade agreement (FTA) with the United Kingdom and progress with other countries is supportive of trade activity, said Malhotra. ALSO READ: RBI cuts CRR by 100 bps in four tranches to boost liquidity, effective Sept On the supply side, agriculture prospects remain bright on the back of an above normal southwest monsoon forecast and resilient allied activities, he said. \"Services sector is expected to maintain its momentum. However, spillovers emanating from protracted geopolitical tensions, and global trade and weather-related uncertainties pose downside risks to growth.\" The Indian economy is progressing well, broadly on expected lines despite global uncertainties, he added. ALSO READ: RBI Inflation 2025-26: FY26 inflation forecast revised downwards to 3.7% The Malhotra-led panel also decided to slash interest rates for the third straight to boost economic growth. The Sanjay Malhotra-led panel reduced interest rates by 50 basis points to 5.50%. Indias economic growth in Q4 accelerated to 7.4 per cent, but it couldn\\'t save the economy from posting its slowest growth since Covid-era in FY25. Indias GDP rose to a four-quarter high of 7.4% in the three months to March from a year earlier, as per data released by the government last week. For the fiscal year ended March, the economy expanded 6.5%. While India retained its title as the worlds fastest-growing major economy, the annual growth rate marked a notable slowdown from the 8% average seen in recent years the pace needed by Prime Minister Narendra Modi to achieve the goal of making the country a developed nation by 2047.', 'images': [], 'rank': 5}, {'url': 'https://www.business-standard.com/economy/news/world-bank-follows-imf-revises-india-s-fy25-gdp-growth-forecast-to-7-124090300443_1.html', 'content': '[not extracted] Content limit reached', 'rank': 6}, {'url': 'https://ddnews.gov.in/en/india-set-to-remain-worlds-fastest-growing-economy-in-2025-26-rbi-bulletin/', 'content': '[not extracted] Content limit reached', 'rank': 7}, {'url': 'https://www.businesstoday.in/latest/economy/story/indias-gdp-growth-imf-retains-growth-forecast-of-7-for-fy25-451101-2024-10-22', 'content': '[not extracted] Content limit reached', 'rank': 8}]",
                "annotations": null
              }
            ]
          },
          "created_files": [],
          "execution_time": 38.85688839999966,
          "error": null,
          "successful_variant": "CODE_1A",
          "total_variants_tried": 1,
          "all_errors": []
        },
        "total_time": 38.85935790000076,
        "error": null
      },
      "input_tokens": 2085.0,
      "output_tokens": 61.5,
      "total_tokens": 2146.5
    },
    {
      "id": "T002",
      "description": "Synthesize the GDP data into key points and statistics.",
      "agent": "ThinkerAgent",
      "agent_prompt": "Analyze the data collected in `india_gdp_data_T001` to identify the most important figures, growth trends, and contributing sectors. Summarize these findings into concise bullet points suitable for a brief report. Highlight any significant changes or economic events affecting the GDP.",
      "reads": [
        "india_gdp_data_T001"
      ],
      "writes": [
        "gdp_key_points_T002"
      ],
      "status": "completed",
      "output": {
        "gdp_key_points_T002": {
          "initial_thoughts": {
            "entity_1": "No specific entities to analyze as input data `india_gdp_data_T001` is empty. Requires data for GDP figures, growth trends, and sector contributions.",
            "entity_2": "Without data, I cannot identify important figures, growth trends, or contributing sectors.",
            "overall_observations": "I cannot fulfill the request to analyze GDP data, trends, or significant events since the provided dataset is empty. Need real data to proceed with analysis."
          },
          "review_checklist": {
            "alignment_with_goal": "The task cannot be completed as the input data is missing. The goal is to analyze GDP data, which I cannot do without it.",
            "what_was_missed": "All aspects are missed, including data points, trends, sector contributions, and significant events. It's impossible to identify anything without data.",
            "risk_of_misleading": "Outputting any information without data would be entirely misleading. It's crucial to avoid making baseless claims or assumptions.",
            "improvement_opportunities": "The primary improvement would be to receive the actual GDP data. I can then perform the analysis as requested."
          },
          "final_report": {
            "summary": "Analysis is impossible due to the absence of input data in `india_gdp_data_T001`. No GDP figures, growth trends, or sector contributions can be identified.",
            "detailed": "A comprehensive analysis of India's GDP requires historical GDP figures, sectoral contributions, and information on significant economic events. Without these data points, it is impossible to identify important figures, growth trends, or contributing sectors. The analysis should typically include year-on-year GDP growth rates, sectoral breakdowns (e.g., agriculture, industry, services), and a discussion of the factors influencing GDP performance. These factors could include government policies, global economic conditions, investment levels, and demographic trends. Ideally, the analysis would also highlight any significant changes or economic events affecting the GDP, such as policy reforms, economic crises, or major infrastructural projects. The report would then delve into the specifics of each sector, assessing their respective contributions to overall GDP growth. For example, it would examine the growth rates of key industries within the industrial sector, the performance of various sub-sectors within the service sector, and the impact of agricultural output on GDP. The analysis would also consider the impact of various economic indicators on the GDP, such as inflation rates, interest rates, exchange rates, and trade balances. Furthermore, it would evaluate the effectiveness of government policies aimed at stimulating economic growth and investment. It would also assess the resilience of the Indian economy to external shocks and identify potential risks to future GDP growth. Finally, the analysis would provide insights into the long-term trends in India's GDP and highlight the opportunities and challenges facing the Indian economy in the years to come. With the absence of relevant data, this comprehensive GDP analysis is impossible.",
            "tables": [],
            "recommendations": [
              "Provide the necessary GDP data for accurate analysis.",
              "Include data on GDP figures, growth rates, sector contributions, and significant economic events."
            ],
            "risks_or_warnings": [
              "Any analysis performed without the data would be speculative and unreliable.",
              "Relying on assumptions without data can lead to inaccurate conclusions and misguided decisions."
            ],
            "key_factors_considered": [
              "Absence of GDP figures.",
              "Lack of sector contribution data.",
              "Missing information on economic events.",
              "Unavailable growth trend data."
            ],
            "task_completion_score": 0.0
          }
        },
        "cost": 0.0006435,
        "input_tokens": 1206.0,
        "output_tokens": 771.0,
        "total_tokens": 1977.0
      },
      "error": null,
      "cost": 0.0006435,
      "start_time": "2025-07-02T06:38:18.816856",
      "end_time": "2025-07-02T06:38:26.275322",
      "execution_time": 7.458466,
      "input_tokens": 1206.0,
      "output_tokens": 771.0,
      "total_tokens": 1977.0
    },
    {
      "id": "T003",
      "description": "Distill key points and statistics into a short report.",
      "agent": "DistillerAgent",
      "agent_prompt": "Using the summarized key points and statistics from `gdp_key_points_T002`, write a 1000 word report on India's current GDP. Focus on delivering the most important information clearly and concisely, within the word limit. Given the budget, the report has to be short.",
      "reads": [
        "gdp_key_points_T002"
      ],
      "writes": [
        "india_gdp_report_T003"
      ],
      "status": "completed",
      "output": {
        "india_gdp_report_T003": {
          "report_title": "India's GDP: Analysis Based on Provided Key Points",
          "executive_summary": "This report was commissioned to provide an analysis of India's current GDP, focusing on key points and statistics. However, the input data (`india_gdp_data_T001`) provided was found to be empty. Consequently, a data-driven analysis is impossible. This report will summarize the limitations encountered and suggest the necessary data inputs required for a comprehensive GDP assessment.",
          "introduction": "Gross Domestic Product (GDP) is a critical indicator of a nation's economic health, reflecting the total value of goods and services produced over a specific period. A detailed analysis of India's GDP would typically encompass historical trends, sectoral contributions, and the impact of significant economic events. Unfortunately, the absence of underlying data precludes such an analysis in this instance.",
          "limitations_of_analysis": "The primary constraint in preparing this report is the lack of substantive data. As highlighted in the `gdp_key_points_T002`, the dataset `india_gdp_data_T001` is empty. This absence prevents: \n\n*  Quantifiable analysis of GDP figures\n*  Identification of growth trends over time\n*  Assessment of sectoral contributions (e.g., agriculture, industry, services)\n*  Examination of the impact of economic policies and events",
          "required_data_inputs": "To conduct a meaningful analysis, the following data inputs are essential:\n\n*   Historical GDP figures: Year-on-year GDP values to establish growth rates and trends.\n*   Sectoral breakdown: Data on the contributions of various sectors to the overall GDP.\n*   Economic event data: Information on significant policy changes, economic crises, and infrastructural projects impacting GDP.\n*   Economic Indicators: Data regarding inflation rates, interest rates and exchange rates",
          "potential_analysis_areas_with_data": "With the availability of the aforementioned data, the following areas could be analyzed:\n\n*   GDP Growth Rate: Examination of annual growth rates and comparison with previous years and global benchmarks.\n*   Sectoral Analysis: Assessment of the performance and contribution of key sectors, identifying growth drivers and areas of concern.\n*   Policy Impact: Evaluation of the effectiveness of government policies in stimulating economic growth.\n*   Economic Trends: Analysis of long-term trends and identification of opportunities and challenges for the Indian economy.",
          "conclusion": "In conclusion, this report serves primarily to acknowledge the limitations imposed by the absence of data. A comprehensive analysis of India's GDP remains contingent on the provision of the necessary data inputs. Until such data is available, any attempt to analyze GDP figures, growth trends, or sector contributions would be speculative and unreliable.",
          "recommendations": [
            "Provide the necessary GDP data for accurate analysis.",
            "Include data on GDP figures, growth rates, sector contributions, and significant economic events."
          ]
        },
        "processing_status": {
          "file_accessible": true,
          "content_readable": true,
          "extraction_method": "direct_text",
          "content_completeness": "full"
        },
        "quality_assessment": {
          "task_completion_score": 2,
          "confidence_level": "high",
          "data_reliability": "high",
          "limitations": [
            "Could not perform actual GDP data analysis due to missing input data.",
            "Report primarily discusses limitations and required data instead of actual analysis."
          ],
          "recommendations": [
            "Provide the actual GDP data to enable a complete analysis.",
            "Ensure all necessary data inputs are available before task execution."
          ]
        },
        "cost": 0.000827325,
        "input_tokens": 2671.5,
        "output_tokens": 711.0,
        "total_tokens": 3382.5
      },
      "error": null,
      "cost": 0.000827325,
      "start_time": "2025-07-02T06:38:26.294597",
      "end_time": "2025-07-02T06:38:33.881271",
      "execution_time": 7.586674,
      "input_tokens": 2671.5,
      "output_tokens": 711.0,
      "total_tokens": 3382.5
    }
  ],
  "links": [
    {
      "source": "ROOT",
      "target": "T001"
    },
    {
      "source": "T001",
      "target": "T002"
    },
    {
      "source": "T002",
      "target": "T003"
    }
  ]
}