{
  "directed": true,
  "multigraph": false,
  "graph": {
    "session_id": "51470543",
    "original_query": "I am running a real test for which you need to write a plan. First call retreiverAgent, and ask it to call 'search_web_with_text_content' for 'Ola Electric' and save the data. Then you need to call FormatterAgent and ask it create 1 page report (ask it to not call self), and then stop.",
    "file_manifest": [],
    "created_at": "2025-07-02T15:35:43.841110",
    "status": "running",
    "output_chain": {
      "T001": {}
    },
    "validation_results": {
      "is_valid": true,
      "is_dag": true,
      "cycles": [],
      "disconnected_components": [],
      "orphaned_nodes": [],
      "root_nodes": [],
      "leaf_nodes": [
        "T002"
      ],
      "warnings": [],
      "errors": []
    }
  },
  "nodes": [
    {
      "description": "Initial Query",
      "agent": "System",
      "status": "completed",
      "id": "ROOT"
    },
    {
      "id": "T001",
      "description": "Retrieve data about Ola Electric using the 'search_web_with_text_content' tool.",
      "agent": "RetrieverAgent",
      "agent_prompt": "Use the 'search_web_with_text_content' tool to retrieve information about Ola Electric. Save the retrieved data for further processing.",
      "reads": [],
      "writes": [
        "T001"
      ],
      "status": "completed",
      "output": {},
      "error": null,
      "cost": 0.0,
      "start_time": "2025-07-02T15:35:43.858683",
      "end_time": "2025-07-02T15:36:02.785254",
      "execution_time": 18.926571,
      "input_tokens": 0,
      "output_tokens": 0,
      "execution_result": null
    },
    {
      "id": "T002",
      "description": "Create a 1-page report summarizing the information retrieved about Ola Electric.",
      "agent": "FormatterAgent",
      "agent_prompt": "Create a concise, one-page report summarizing the information retrieved in the previous step (T001) about Ola Electric. Focus on key aspects and present them in a well-structured and readable format. Ensure the report is suitable for executive review and does not call upon itself.",
      "reads": [
        "T001"
      ],
      "writes": [
        "T002"
      ],
      "status": "running",
      "output": null,
      "error": null,
      "cost": 0.0,
      "start_time": "2025-07-02T15:36:02.797254",
      "end_time": null,
      "execution_time": 0.0
    }
  ],
  "links": [
    {
      "source": "ROOT",
      "target": "T001"
    },
    {
      "source": "T001",
      "target": "T002"
    }
  ]
}