{
  "timestamp": "2025-07-01T19:39:41.283136",
  "node_id": "T011",
  "iterations": [
    {
      "iteration": 1,
      "output": {
        "final_format": "html",
        "images": [],
        "fallback_markdown": "Minimal markdown fallback in case HTML fails",
        "reasoning": "I have generated a comprehensive HTML report presenting a hypothetical 7-day Japan itinerary. The report is structured with clear day-by-day breakdowns, highlighting the data limitations due to missing flight and accommodation data. Visual appeal and readability are prioritized, with the inclusion of tables, lists, and descriptive text. Several sections such as Cultural Notes, Food Recommendations, Travel Tips, Essential Japanese Phrases, Transportation Tips, and Etiquette Tips have been added to enhance the user experience. A special 'Proposal Location Recommendation' has also been added.",
        "formatted_report_T011": "<div class='report'><style>.report { font-family: Arial, sans-serif; line-height: 1.6; margin: 20px; }.report h1 { font-size: 2.5em; color: #333; margin-bottom: 30px; text-align: center; }.report h2 { font-size: 2em; color: #444; margin-top: 40px; margin-bottom: 20px; border-bottom: 1px solid #ccc; padding-bottom: 5px; }.report h3 { font-size: 1.5em; color: #555; margin-top: 30px; margin-bottom: 15px; }.report p { font-size: 1.1em; color: #666; margin-bottom: 15px; }.report ul { margin-bottom: 15px; }.report li { font-size: 1.1em; color: #666; margin-bottom: 8px; }.report table { width: 100%; border-collapse: collapse; margin-bottom: 20px; }.report th, .report td { border: 1px solid #ddd; padding: 8px; text-align: left; }.report th { background-color: #f2f2f2; }.report .highlight { background-color: #ffffe0; padding: 10px; margin-bottom: 15px; border: 1px solid #ccc; }.report .warning { background-color: #ffecec; padding: 10px; margin-bottom: 15px; border: 1px solid #ccc; }.report .section-navigation { position: sticky; top: 20px; background-color: #fff; border: 1px solid #ccc; padding: 10px; margin-bottom: 20px; }.section-navigation h3 { font-size: 1.2em; color: #555; margin-top: 0; margin-bottom: 10px; }.section-navigation ul { list-style: none; padding: 0; }.section-navigation li { margin-bottom: 5px; }.section-navigation a { color: #007bff; text-decoration: none; }.section-navigation a:hover { text-decoration: underline; }.itinerary-day { margin-bottom: 30px; }.itinerary-day h3 { font-size: 1.6em; color: #444; }.itinerary-day p { font-size: 1.1em; color: #666; }.itinerary-day ul { margin-bottom: 15px; }.itinerary-day li { font-size: 1.1em; color: #666; margin-bottom: 8px; }.data-missing { font-style: italic; color: #888; }.specific-requests { margin-top: 30px; }.specific-requests h3 { font-size: 1.4em; color: #555; margin-bottom: 15px; }.specific-requests ul { margin-bottom: 15px; }.specific-requests li { font-size: 1.1em; color: #666; margin-bottom: 8px; }.addressing-limitations { margin-top: 30px; }.addressing-limitations h3 { font-size: 1.4em; color: #555; margin-bottom: 15px; }.addressing-limitations p { font-size: 1.1em; color: #666; margin-bottom: 15px; }.estimated-costs { margin-top: 30px; }.estimated-costs h3 { font-size: 1.4em; color: #555; margin-bottom: 15px; }.estimated-costs p { font-size: 1.1em; color: #666; margin-bottom: 15px; }.conclusion { margin-top: 30px; }.conclusion h3 { font-size: 1.4em; color: #555; margin-bottom: 15px; }.conclusion p { font-size: 1.1em; color: #666; margin-bottom: 15px; }.hero-image-section { position: relative; width: 100%; margin-bottom: 20px; }.hero-image { width: 100%; max-height: 400px; object-fit: cover; }.hero-caption { position: absolute; bottom: 0; left: 0; width: 100%; background: rgba(0, 0, 0, 0.5); color: white; padding: 10px; }.hero-caption h3 { margin: 0; font-size: 1.5em; }.hero-caption p { margin: 0; font-size: 1em; }.section-toc { position: sticky; top: 20px; width: 250px; height: fit-content; border: 1px solid #ccc; padding: 10px; margin-bottom: 20px; float: right; }.section-toc h3 { font-size: 1.2em; color: #555; margin-top: 0; margin-bottom: 10px; }.section-toc ul { list-style: none; padding: 0; }.section-toc li { margin-bottom: 5px; }.section-toc a { color: #007bff; text-decoration: none; }.section-toc a:hover { text-decoration: underline; }.content-with-left-image { display: flex; align-items: flex-start; margin-bottom: 20px; }.content-with-left-image img { width: 30%; margin-right: 20px; }.content-with-right-image { display: flex; align-items: flex-start; margin-bottom: 20px; }.content-with-right-image img { width: 30%; margin-left: 20px; }.media-card { border: 1px solid #ccc; padding: 10px; margin-bottom: 15px; }.media-card a { text-decoration: none; color: #007bff; }.media-card a:hover { text-decoration: underline; }.media-card img { width: 100%; max-height: 200px; object-fit: cover; margin-bottom: 10px; }.callout { padding: 15px; margin-bottom: 20px; border-left: 5px solid #eee; }.callout.warning { border-left-color: #f0ad4e; background-color: #fdf7e9; }.callout.highlight { border-left-color: #5bc0de; background-color: #e5f6fd; }figcaption { font-size: 0.9em; color: #777; margin-top: 5px; }blockquote { font-style: italic; color: #555; border-left: 3px solid #ccc; padding-left: 10px; margin-bottom: 15px; }.cultural-notes { margin-top: 30px; }.cultural-notes h3 { font-size: 1.4em; color: #555; margin-bottom: 15px; }.cultural-notes p { font-size: 1.1em; color: #666; margin-bottom: 15px; }.food-recommendations { margin-top: 30px; }.food-recommendations h3 { font-size: 1.4em; color: #555; margin-bottom: 15px; }.food-recommendations ul { margin-bottom: 15px; }.food-recommendations li { font-size: 1.1em; color: #666; margin-bottom: 8px; }.travel-tips { margin-top: 30px; }.travel-tips h3 { font-size: 1.4em; color: #555; margin-bottom: 15px; }.travel-tips ul { margin-bottom: 15px; }.travel-tips li { font-size: 1.1em; color: #666; margin-bottom: 8px; }.japanese-phrases { margin-top: 30px; }.japanese-phrases h3 { font-size: 1.4em; color: #555; margin-bottom: 15px; }.japanese-phrases table { width: 80%; margin: 0 auto; border-collapse: collapse; }.japanese-phrases th, .japanese-phrases td { border: 1px solid #ddd; padding: 8px; text-align: left; }.japanese-phrases th { background-color: #f2f2f2; }.transportation-tips { margin-top: 30px; }.transportation-tips h3 { font-size: 1.4em; color: #555; margin-bottom: 15px; }.transportation-tips ul { margin-bottom: 15px; }.transportation-tips li { font-size: 1.1em; color: #666; margin-bottom: 8px; }.etiquette-tips { margin-top: 30px; }.etiquette-tips h3 { font-size: 1.4em; color: #555; margin-bottom: 15px; }.etiquette-tips ul { margin-bottom: 15px; }.etiquette-tips li { font-size: 1.1em; color: #666; margin-bottom: 8px; }</style><div class='section-toc'><h3>Sections</h3><ul><li><a href='#executive-summary'>Executive Summary</a></li><li><a href='#data-limitations'>Data Limitations</a></li><li><a href='#hypothetical-itinerary'>Hypothetical 7-Day Itinerary</a></li><li><a href='#day-1'>Day 1: Arrival in Tokyo & Shinjuku Exploration</a></li><li><a href='#day-2'>Day 2: Tokyo - Culture & Pop</a></li><li><a href='#day-3'>Day 3: Travel to Kyoto & Gion Exploration</a></li><li><a href='#day-4'>Day 4: Kyoto - Temples & Tea</a></li><li><a href='#day-5'>Day 5: Nara - Deer & Temples</a></li><li><a href='#day-6'>Day 6: Kyoto - Zen & Bamboo</a></li><li><a href='#day-7'>Day 7: Departure</a></li><li><a href='#incorporating-requests'>Incorporating Specific Requests</a></li><li><a href='#walking-tours'>Walking Tours</a></li><li><a href='#addressing-limitations'>Addressing Data Limitations</a></li><li><a href='#estimated-costs'>Estimated Costs</a></li><li><a href='#proposal-location'>Proposal Location Recommendation</a></li><li><a href='#recommendations'>Recommendations</a></li><li><a href='#risks-warnings'>Risks & Warnings</a></li><li><a href='#conclusion'>Conclusion</a></li><li><a href='#cultural-notes'>Cultural Notes</a></li><li><a href='#food-recommendations'>Food Recommendations</a></li><li><a href='#travel-tips'>Travel Tips</a></li><li><a href='#japanese-phrases'>Essential Japanese Phrases</a></li><li><a href='#transportation-tips'>Transportation Tips</a></li><li><a href='#etiquette-tips'>Etiquette Tips</a></li></ul></div><h1>🇯🇵 7-Day Japan Itinerary: A Hypothetical Travel Handbook</h1><div class='executive-summary'><h2 id='executive-summary'>🎯 Executive Summary</h2><p>This report outlines a hypothetical 7-day itinerary for exploring Tokyo, Kyoto, and Nara, designed to fulfill a request for a trip between April 15-23. Due to significant data limitations—specifically the absence of concrete data regarding attractions, flights, and accommodations—this itinerary serves as a <b>template</b>. It includes placeholders for specific details and estimated costs based on publicly available information.</p><p>This itinerary template prioritizes historical sites, cultural experiences like kendo, tea ceremonies, and Zen meditation, and exploration of Nara Park and its deer. It's important to note that this plan is <b>not</b> a functional itinerary and requires complete data for full implementation. It does, however, provide a framework for constructing a 7-day trip to Japan, with potential activities and estimated costs, pending the availability of necessary data.</p></div><div class='data-limitations'><h2 id='data-limitations'>⚠️ Data Limitations</h2><p>The creation of a concrete itinerary is significantly hampered by the lack of data on attractions in Tokyo, Kyoto, and Nara, as well as missing flight and accommodation information. This absence of specific details makes it impossible to provide accurate locations, addresses, opening times, and costs. Therefore, the following itinerary is a <b>hypothetical template</b>, outlining how a trip could be planned if the necessary data were available.</p></div><div class='hypothetical-itinerary'><h2 id='hypothetical-itinerary'>🗓️ Hypothetical 7-Day Itinerary Template</h2><p><b>Note:</b> This itinerary is a template and requires complete data for flights, accommodations, attractions, travel times, and costs to be fully functional.</p></div><div class='itinerary-day'><h3 id='day-1'>Day 1: Arrival in Tokyo & Shinjuku Exploration</h3><ul><li><b>Morning:</b> Arrive at Narita (NRT) or Haneda (HND) Airport. <span class='data-missing'>[Flight details to be inserted here]</span>. Travel to Shinjuku area. <span class='data-missing'>[Specific travel details and cost to be inserted here. Example: Narita Express to Shinjuku Station, approx. 3500 JPY]</span>. Check into accommodation. <span class='data-missing'>[Accommodation details and cost to be inserted here. Example: Park Hyatt Tokyo, approx. 50,000 JPY per night]</span>.</li><li><b>Afternoon:</b> Explore Shinjuku Gyoen National Garden (9:00-16:00, Entrance fee: 500 JPY). [Alternative: Free view from Tokyo Metropolitan Government Building].</li><li><b>Evening:</b> Dinner in Shinjuku's Omoide Yokocho (Memory Lane). <span class='data-missing'>[Estimated cost: 3000-5000 JPY]</span>.</li><li><b>Notes:</b> Account for potential delays due to flight arrival and customs. Prioritize proximity to Shinjuku Station for accommodation.</li></ul></div><div class='itinerary-day'><h3 id='day-2'>Day 2: Tokyo - Culture & Pop</h3><ul><li><b>Morning:</b> Visit the Tsukiji Outer Market (various opening times, generally early morning). <span class='data-missing'>[Estimated cost for breakfast/lunch: 2000-4000 JPY]</span>.</li><li><b>Afternoon:</b> Explore the vibrant Harajuku district, including Takeshita Street and Meiji Jingu Shrine (free). <span class='data-missing'>[Estimated cost for snacks and souvenirs: 2000-5000 JPY]</span>.</li><li><b>Evening:</b> Shibuya Crossing experience and dinner in Shibuya. <span class='data-missing'>[Estimated cost for dinner: 3000-5000 JPY]</span>.</li><li><b>Notes:</b> Consider a guided walking tour of Harajuku to learn more about its fashion and culture. <span class='data-missing'>[Estimated cost: 5000 JPY]</span>.</li></ul></div><div class='itinerary-day'><h3 id='day-3'>Day 3: Travel to Kyoto & Gion Exploration</h3><ul><li><b>Morning:</b> Travel from Tokyo to Kyoto via Shinkansen (bullet train) from Tokyo Station to Kyoto Station. <span class='data-missing'>[Shinkansen details and cost to be inserted here. Example: Tokaido Shinkansen, approx. 14,000 JPY, 2.5 hours]</span>. Check into accommodation in Kyoto. <span class='data-missing'>[Accommodation details and cost to be inserted here. Example: Hyatt Regency Kyoto, approx. 40,000 JPY per night]</span>.</li><li><b>Afternoon:</b> Explore Gion district, known for geishas. Visit Kennin-ji Temple, the oldest Zen temple in Kyoto (10:00 - 16:30, Entrance fee: 600 JPY).</li><li><b>Evening:</b> Dinner in Gion. <span class='data-missing'>[Estimated cost: 5000-8000 JPY]</span>.</li><li><b>Notes:</b> Consider a walking tour of Gion to learn about its history and culture. <span class='data-missing'>[Estimated cost: 5000 JPY]</span>.</li></ul></div><div class='itinerary-day'><h3 id='day-4'>Day 4: Kyoto - Temples & Tea</h3><ul><li><b>Morning:</b> Visit Kiyomizu-dera Temple (6:00-18:00, Entrance fee: 400 JPY) and explore the surrounding Higashiyama district.</li><li><b>Afternoon:</b> Participate in a traditional tea ceremony. <span class='data-missing'>[Tea ceremony details and cost to be inserted here. Example: Camellia Tea Ceremony, approx. 3000 JPY]</span>.</li><li><b>Evening:</b> Dinner in the Pontocho alley along the Kamogawa River. <span class='data-missing'>[Estimated cost: 5000-8000 JPY]</span>.</li><li><b>Notes:</b> Pre-book the tea ceremony to ensure availability. Consider renting a kimono for the day. <span class='data-missing'>[Rental cost: 5000-10000 JPY]</span>.</li></ul></div><div class='itinerary-day'><h3 id='day-5'>Day 5: Nara - Deer & Temples</h3><ul><li><b>Morning:</b> Travel from Kyoto to Nara via JR Nara Line from Kyoto Station to Nara Station. <span class='data-missing'>[JR Nara Line details and cost to be inserted here. Example: Approx. 720 JPY, 45 minutes]</span>.</li><li><b>Afternoon:</b> Explore Nara Park, interact with the deer, and visit Todai-ji Temple (7:30-17:30, Entrance fee: 600 JPY) which houses a giant bronze Buddha statue.</li><li><b>Evening:</b> Dinner in Nara. <span class='data-missing'>[Estimated cost: 3000-5000 JPY]</span>. Return to Kyoto. <span class='data-missing'>[JR Nara Line details and cost to be inserted here. Example: Approx. 720 JPY, 45 minutes]</span>.</li><li><b>Notes:</b> Buy deer crackers at Nara Park (approx. 200 JPY per pack). Consider visiting Kasuga Taisha Shrine (8:30-16:30, Entrance fee: 500 JPY).</li></ul></div><div class='itinerary-day'><h3 id='day-6'>Day 6: Kyoto - Zen & Bamboo</h3><ul><li><b>Morning:</b> Visit Ryoan-ji Temple (8:30-17:00, Entrance fee: 500 JPY) and contemplate the famous Zen garden.</li><li><b>Afternoon:</b> Explore the Arashiyama Bamboo Grove.</li><li><b>Evening:</b> Farewell dinner in Kyoto. <span class='data-missing'>[Estimated cost: 5000-8000 JPY]</span>.</li><li><b>Notes:</b> Consider a Zen meditation session at a local temple. <span class='data-missing'>[Meditation session details and cost to be inserted here. Example: Shunko-in Temple, approx. 3000 JPY]</span>.</li></ul></div><div class='itinerary-day'><h3 id='day-7'>Day 7: Departure</h3><ul><li><b>Morning:</b> Depart from Kansai International Airport (KIX). <span class='data-missing'>[Travel details and cost to be inserted here. Example: Haruka Express from Kyoto Station to KIX, approx. 3000 JPY]</span>. <span class='data-missing'>[Flight details to be inserted here]</span>.</li></ul></div><div class='specific-requests'><h3 id='incorporating-requests'>Incorporating Specific Requests</h3><ul><li><b>Historical Sites:</b> Todai-ji Temple, Kiyomizu-dera Temple, Kennin-ji Temple, Meiji Jingu Shrine.</li><li><b>Kendo:</b> Opportunities for kendo practice would need to be researched and scheduled in advance. Contacting local dojos in Tokyo and Kyoto is required. <span class='data-missing'>[Contact details and costs to be inserted here]</span>.</li><li><b>Tea Ceremony:</b> A traditional tea ceremony is scheduled for Day 4 in Kyoto.</li><li><b>Zen Meditation:</b> A Zen meditation session is suggested for Day 6 in Kyoto.</li></ul></div><div class='walking-tours'><h3 id='walking-tours'>Walking Tours</h3><p>The itinerary prioritizes walking tours for exploring cities. Specific walking tour routes and durations would need to be planned within each city. Consider organized walking tours where available, but many of the suggested locations are easily walkable. Walking tour costs have not been included, as many are free (tip-based).</p></div><div class='addressing-limitations'><h3 id='addressing-limitations'>Addressing Data Limitations</h3><p>The creation of this itinerary is significantly hampered by the lack of data on attractions, flights, and accommodations. Specific locations, addresses, opening times, and costs cannot be provided without this information. The itinerary is therefore a hypothetical template, outlining how a 7-day trip to Japan could be planned if the necessary data were available.</p></div><div class='estimated-costs'><h3 id='estimated-costs'>Estimated Costs</h3><p>Due to the absence of flight and accommodation data, only estimated costs for attractions, meals, and local transportation are provided. These estimates are based on publicly available information and may vary depending on individual choices.</p></div><div class='proposal-location'><h2 id='proposal-location'>💍 Proposal Location Recommendation</h2><p>Given the lack of specific data and personal preferences, here are a few generic suggestions for a memorable proposal location:</p><ul><li><b>Shinjuku Gyoen National Garden (Tokyo):</b> Offers a serene and beautiful setting with a mix of Japanese, English, and French garden styles.</li><li><b>Kiyomizu-dera Temple (Kyoto):</b> Provides stunning panoramic views of Kyoto, especially during sunset.</li><li><b>Nara Park (Nara):</b> Propose amidst the friendly deer with the backdrop of Todai-ji Temple.</li></ul><p>For a more personalized recommendation, please provide more details about your fiancée's preferences and interests.</p></div><div class='recommendations'><h2 id='recommendations'>💡 Recommendations</h2><ul><li>Provide 'tokyo_attractions_T007' data with specific attraction details, addresses, opening times, and costs.</li><li>Provide 'kyoto_nara_attractions_T008' data with specific attraction details, addresses, opening times, and costs.</li><li>Provide 'flight_options_T001' data to enable concrete selection of flights and assessment of flight costs and travel times.</li><li>Provide 'accommodation_options_T003' data to enable concrete selection of accommodations and assessment of accommodation costs.</li><li>Research and provide specific kendo dojos in Tokyo and Kyoto, including contact details and costs for trial sessions.</li></ul></div><div class='risks-warnings'><h2 id='risks-warnings'>⚠️ Risks & Warnings</h2><ul><li>This itinerary is purely hypothetical due to the absence of data on attractions, flights, and accommodations.</li><li>The suggested attractions and activities are based on general knowledge and may not be suitable for all travelers.</li><li>Decisions made based on this report may be inaccurate or misleading without valid input data.</li><li>Estimated costs are highly variable and may not reflect actual expenses.</li></ul></div><div class='conclusion'><h3 id='conclusion'>Conclusion</h3><p>This report provides a hypothetical 7-day itinerary template for Japan, outlining how a trip to Tokyo, Kyoto, and Nara could be planned. The itinerary includes placeholders for attractions, activities, travel times, and estimated costs. It is important to note that the itinerary is not a functional plan and requires complete data to be fully implemented.</p></div><div class='cultural-notes'><h2 id='cultural-notes'>🎎 Cultural Notes</h2><p>Understanding Japanese culture is essential for a smooth and respectful trip. Here are a few key points:</p><ul><li><b>Bowing:</b> Bowing is a common greeting and expression of respect. The depth of the bow indicates the level of respect.</li><li><b>Shoes:</b> Remove your shoes when entering homes, temples, and some traditional restaurants. Slippers are often provided.</li><li><b>Chopsticks:</b> Learn proper chopstick etiquette. Do not stick them upright in your rice bowl, as this resembles a funeral ritual.</li><li><b>Silence:</b> Be mindful of noise levels, especially in public transportation and quiet areas like temples and gardens.</li><li><b>Tipping:</b> Tipping is not customary in Japan. Good service is expected and included in the price.</li></ul></div><div class='food-recommendations'><h2 id='food-recommendations'>🍜 Food Recommendations</h2><p>Japanese cuisine is diverse and delicious. Here are a few must-try dishes:</p><ul><li><b>Sushi:</b> Fresh seafood on vinegared rice. Try nigiri, maki, and sashimi.</li><li><b>Ramen:</b> Noodle soup with various toppings. Each region has its unique ramen style.</li><li><b>Tempura:</b> Deep-fried seafood and vegetables. Enjoy it with tentsuyu dipping sauce.</li><li><b>Okonomiyaki:</b> Savory pancake with various ingredients. A popular street food in Osaka and Hiroshima.</li><li><b>Yakitori:</b> Grilled chicken skewers. A great snack or accompaniment to drinks.</li><li><b>Kaiseki:</b> A traditional multi-course Japanese dinner. Experience the art of Japanese haute cuisine.</li></ul></div><div class='travel-tips'><h2 id='travel-tips'>✈️ Travel Tips</h2><ul><li><b>Japan Rail Pass:</b> If you plan to travel extensively by train, consider purchasing a Japan Rail Pass. It can save you money on Shinkansen fares.</li><li><b>Pocket WiFi:</b> Rent a pocket WiFi device to stay connected to the internet. It's essential for navigation and communication.</li><li><b>Cash:</b> While credit cards are becoming more widely accepted, it's still a good idea to carry cash, especially for smaller establishments and temples.</li><li><b>Suica/Pasmo Card:</b> Get a Suica or Pasmo card for easy payment on public transportation. You can also use it at vending machines and convenience stores.</li><li><b>Learn Basic Japanese:</b> Knowing a few basic Japanese phrases will enhance your travel experience and show respect for the local culture.</li></ul></div><div class='japanese-phrases'><h2 id='japanese-phrases'>🗣️ Essential Japanese Phrases</h2><table class='japanese-phrases'><thead><tr><th>Phrase</th><th>Translation</th></tr></thead><tbody><tr><td>Konnichiwa</td><td>Hello</td></tr><tr><td>Arigato</td><td>Thank you</td></tr><tr><td>Sumimasen</td><td>Excuse me / I'm sorry</td></tr><tr><td>Gomen nasai</td><td>I'm sorry</td></tr><tr><td>Ohayo gozaimasu</td><td>Good morning</td></tr><tr><td>Konbanwa</td><td>Good evening</td></tr><tr><td>Itadakimasu</td><td>Let's eat (before meal)</td></tr><tr><td>Gochisosama deshita</td><td>Thank you for the meal (after meal)</td></tr><tr><td>Wakarimasen</td><td>I don't understand</td></tr><tr><td>Eigo ga hanasemasu ka?</td><td>Do you speak English?</td></tr><tr><td>Ikura desu ka?</td><td>How much is it?</td></tr><tr><td>Doko desu ka?</td><td>Where is...?</td></tr><tr><td>Kudasai</td><td>Please (when ordering)</td></tr></tbody></table></div><div class='transportation-tips'><h2 id='transportation-tips'>🚄 Transportation Tips</h2><ul><li><b>Shinkansen (Bullet Train):</b> The fastest and most efficient way to travel between cities. Book your tickets in advance, especially during peak season.</li><li><b>Subway:</b> Tokyo and Kyoto have extensive subway networks. Use Google Maps or a local transportation app to navigate.</li><li><b>Buses:</b> Buses are a common mode of transportation in Kyoto. They can be crowded, especially during rush hour.</li><li><b>Taxis:</b> Taxis are available but can be expensive. They are useful for short distances or when traveling with luggage.</li><li><b>Walking:</b> Japan is a very walkable country. Take advantage of walking tours to explore cities at your own pace.</li></ul></div><div class='etiquette-tips'><h2 id='etiquette-tips'>🙏 Etiquette Tips</h2><ul><li><b>Public Bathrooms:</b> Many public bathrooms have advanced features like heated seats and bidet functions.</li><li><b>Eating in Public:</b> It's generally acceptable to eat on trains and in parks, but avoid eating while walking.</li><li><b>Gift Giving:</b> When giving a gift, present it with both hands and offer a humble remark.</li><li><b>Business Cards:</b> Business cards are exchanged with both hands. Treat them with respect and don't write on them immediately.</li><li><b>Facial Expressions:</b> Be mindful of your facial expressions. Avoid excessive eye contact, which can be seen as confrontational.</li></ul></div></div>",
        "call_self": false,
        "cost": 0.004884975,
        "input_tokens": 16294.5,
        "output_tokens": 4068.0,
        "total_tokens": 20362.5
      }
    },
    null
  ],
  "final_output": {
    "final_format": "html",
    "images": [],
    "fallback_markdown": "Minimal markdown fallback in case HTML fails",
    "reasoning": "I have generated a comprehensive HTML report presenting a hypothetical 7-day Japan itinerary. The report is structured with clear day-by-day breakdowns, highlighting the data limitations due to missing flight and accommodation data. Visual appeal and readability are prioritized, with the inclusion of tables, lists, and descriptive text. Several sections such as Cultural Notes, Food Recommendations, Travel Tips, Essential Japanese Phrases, Transportation Tips, and Etiquette Tips have been added to enhance the user experience. A special 'Proposal Location Recommendation' has also been added.",
    "formatted_report_T011": "<div class='report'><style>.report { font-family: Arial, sans-serif; line-height: 1.6; margin: 20px; }.report h1 { font-size: 2.5em; color: #333; margin-bottom: 30px; text-align: center; }.report h2 { font-size: 2em; color: #444; margin-top: 40px; margin-bottom: 20px; border-bottom: 1px solid #ccc; padding-bottom: 5px; }.report h3 { font-size: 1.5em; color: #555; margin-top: 30px; margin-bottom: 15px; }.report p { font-size: 1.1em; color: #666; margin-bottom: 15px; }.report ul { margin-bottom: 15px; }.report li { font-size: 1.1em; color: #666; margin-bottom: 8px; }.report table { width: 100%; border-collapse: collapse; margin-bottom: 20px; }.report th, .report td { border: 1px solid #ddd; padding: 8px; text-align: left; }.report th { background-color: #f2f2f2; }.report .highlight { background-color: #ffffe0; padding: 10px; margin-bottom: 15px; border: 1px solid #ccc; }.report .warning { background-color: #ffecec; padding: 10px; margin-bottom: 15px; border: 1px solid #ccc; }.report .section-navigation { position: sticky; top: 20px; background-color: #fff; border: 1px solid #ccc; padding: 10px; margin-bottom: 20px; }.section-navigation h3 { font-size: 1.2em; color: #555; margin-top: 0; margin-bottom: 10px; }.section-navigation ul { list-style: none; padding: 0; }.section-navigation li { margin-bottom: 5px; }.section-navigation a { color: #007bff; text-decoration: none; }.section-navigation a:hover { text-decoration: underline; }.itinerary-day { margin-bottom: 30px; }.itinerary-day h3 { font-size: 1.6em; color: #444; }.itinerary-day p { font-size: 1.1em; color: #666; }.itinerary-day ul { margin-bottom: 15px; }.itinerary-day li { font-size: 1.1em; color: #666; margin-bottom: 8px; }.data-missing { font-style: italic; color: #888; }.specific-requests { margin-top: 30px; }.specific-requests h3 { font-size: 1.4em; color: #555; margin-bottom: 15px; }.specific-requests ul { margin-bottom: 15px; }.specific-requests li { font-size: 1.1em; color: #666; margin-bottom: 8px; }.addressing-limitations { margin-top: 30px; }.addressing-limitations h3 { font-size: 1.4em; color: #555; margin-bottom: 15px; }.addressing-limitations p { font-size: 1.1em; color: #666; margin-bottom: 15px; }.estimated-costs { margin-top: 30px; }.estimated-costs h3 { font-size: 1.4em; color: #555; margin-bottom: 15px; }.estimated-costs p { font-size: 1.1em; color: #666; margin-bottom: 15px; }.conclusion { margin-top: 30px; }.conclusion h3 { font-size: 1.4em; color: #555; margin-bottom: 15px; }.conclusion p { font-size: 1.1em; color: #666; margin-bottom: 15px; }.hero-image-section { position: relative; width: 100%; margin-bottom: 20px; }.hero-image { width: 100%; max-height: 400px; object-fit: cover; }.hero-caption { position: absolute; bottom: 0; left: 0; width: 100%; background: rgba(0, 0, 0, 0.5); color: white; padding: 10px; }.hero-caption h3 { margin: 0; font-size: 1.5em; }.hero-caption p { margin: 0; font-size: 1em; }.section-toc { position: sticky; top: 20px; width: 250px; height: fit-content; border: 1px solid #ccc; padding: 10px; margin-bottom: 20px; float: right; }.section-toc h3 { font-size: 1.2em; color: #555; margin-top: 0; margin-bottom: 10px; }.section-toc ul { list-style: none; padding: 0; }.section-toc li { margin-bottom: 5px; }.section-toc a { color: #007bff; text-decoration: none; }.section-toc a:hover { text-decoration: underline; }.content-with-left-image { display: flex; align-items: flex-start; margin-bottom: 20px; }.content-with-left-image img { width: 30%; margin-right: 20px; }.content-with-right-image { display: flex; align-items: flex-start; margin-bottom: 20px; }.content-with-right-image img { width: 30%; margin-left: 20px; }.media-card { border: 1px solid #ccc; padding: 10px; margin-bottom: 15px; }.media-card a { text-decoration: none; color: #007bff; }.media-card a:hover { text-decoration: underline; }.media-card img { width: 100%; max-height: 200px; object-fit: cover; margin-bottom: 10px; }.callout { padding: 15px; margin-bottom: 20px; border-left: 5px solid #eee; }.callout.warning { border-left-color: #f0ad4e; background-color: #fdf7e9; }.callout.highlight { border-left-color: #5bc0de; background-color: #e5f6fd; }figcaption { font-size: 0.9em; color: #777; margin-top: 5px; }blockquote { font-style: italic; color: #555; border-left: 3px solid #ccc; padding-left: 10px; margin-bottom: 15px; }.cultural-notes { margin-top: 30px; }.cultural-notes h3 { font-size: 1.4em; color: #555; margin-bottom: 15px; }.cultural-notes p { font-size: 1.1em; color: #666; margin-bottom: 15px; }.food-recommendations { margin-top: 30px; }.food-recommendations h3 { font-size: 1.4em; color: #555; margin-bottom: 15px; }.food-recommendations ul { margin-bottom: 15px; }.food-recommendations li { font-size: 1.1em; color: #666; margin-bottom: 8px; }.travel-tips { margin-top: 30px; }.travel-tips h3 { font-size: 1.4em; color: #555; margin-bottom: 15px; }.travel-tips ul { margin-bottom: 15px; }.travel-tips li { font-size: 1.1em; color: #666; margin-bottom: 8px; }.japanese-phrases { margin-top: 30px; }.japanese-phrases h3 { font-size: 1.4em; color: #555; margin-bottom: 15px; }.japanese-phrases table { width: 80%; margin: 0 auto; border-collapse: collapse; }.japanese-phrases th, .japanese-phrases td { border: 1px solid #ddd; padding: 8px; text-align: left; }.japanese-phrases th { background-color: #f2f2f2; }.transportation-tips { margin-top: 30px; }.transportation-tips h3 { font-size: 1.4em; color: #555; margin-bottom: 15px; }.transportation-tips ul { margin-bottom: 15px; }.transportation-tips li { font-size: 1.1em; color: #666; margin-bottom: 8px; }.etiquette-tips { margin-top: 30px; }.etiquette-tips h3 { font-size: 1.4em; color: #555; margin-bottom: 15px; }.etiquette-tips ul { margin-bottom: 15px; }.etiquette-tips li { font-size: 1.1em; color: #666; margin-bottom: 8px; }</style><div class='section-toc'><h3>Sections</h3><ul><li><a href='#executive-summary'>Executive Summary</a></li><li><a href='#data-limitations'>Data Limitations</a></li><li><a href='#hypothetical-itinerary'>Hypothetical 7-Day Itinerary</a></li><li><a href='#day-1'>Day 1: Arrival in Tokyo & Shinjuku Exploration</a></li><li><a href='#day-2'>Day 2: Tokyo - Culture & Pop</a></li><li><a href='#day-3'>Day 3: Travel to Kyoto & Gion Exploration</a></li><li><a href='#day-4'>Day 4: Kyoto - Temples & Tea</a></li><li><a href='#day-5'>Day 5: Nara - Deer & Temples</a></li><li><a href='#day-6'>Day 6: Kyoto - Zen & Bamboo</a></li><li><a href='#day-7'>Day 7: Departure</a></li><li><a href='#incorporating-requests'>Incorporating Specific Requests</a></li><li><a href='#walking-tours'>Walking Tours</a></li><li><a href='#addressing-limitations'>Addressing Data Limitations</a></li><li><a href='#estimated-costs'>Estimated Costs</a></li><li><a href='#proposal-location'>Proposal Location Recommendation</a></li><li><a href='#recommendations'>Recommendations</a></li><li><a href='#risks-warnings'>Risks & Warnings</a></li><li><a href='#conclusion'>Conclusion</a></li><li><a href='#cultural-notes'>Cultural Notes</a></li><li><a href='#food-recommendations'>Food Recommendations</a></li><li><a href='#travel-tips'>Travel Tips</a></li><li><a href='#japanese-phrases'>Essential Japanese Phrases</a></li><li><a href='#transportation-tips'>Transportation Tips</a></li><li><a href='#etiquette-tips'>Etiquette Tips</a></li></ul></div><h1>🇯🇵 7-Day Japan Itinerary: A Hypothetical Travel Handbook</h1><div class='executive-summary'><h2 id='executive-summary'>🎯 Executive Summary</h2><p>This report outlines a hypothetical 7-day itinerary for exploring Tokyo, Kyoto, and Nara, designed to fulfill a request for a trip between April 15-23. Due to significant data limitations—specifically the absence of concrete data regarding attractions, flights, and accommodations—this itinerary serves as a <b>template</b>. It includes placeholders for specific details and estimated costs based on publicly available information.</p><p>This itinerary template prioritizes historical sites, cultural experiences like kendo, tea ceremonies, and Zen meditation, and exploration of Nara Park and its deer. It's important to note that this plan is <b>not</b> a functional itinerary and requires complete data for full implementation. It does, however, provide a framework for constructing a 7-day trip to Japan, with potential activities and estimated costs, pending the availability of necessary data.</p></div><div class='data-limitations'><h2 id='data-limitations'>⚠️ Data Limitations</h2><p>The creation of a concrete itinerary is significantly hampered by the lack of data on attractions in Tokyo, Kyoto, and Nara, as well as missing flight and accommodation information. This absence of specific details makes it impossible to provide accurate locations, addresses, opening times, and costs. Therefore, the following itinerary is a <b>hypothetical template</b>, outlining how a trip could be planned if the necessary data were available.</p></div><div class='hypothetical-itinerary'><h2 id='hypothetical-itinerary'>🗓️ Hypothetical 7-Day Itinerary Template</h2><p><b>Note:</b> This itinerary is a template and requires complete data for flights, accommodations, attractions, travel times, and costs to be fully functional.</p></div><div class='itinerary-day'><h3 id='day-1'>Day 1: Arrival in Tokyo & Shinjuku Exploration</h3><ul><li><b>Morning:</b> Arrive at Narita (NRT) or Haneda (HND) Airport. <span class='data-missing'>[Flight details to be inserted here]</span>. Travel to Shinjuku area. <span class='data-missing'>[Specific travel details and cost to be inserted here. Example: Narita Express to Shinjuku Station, approx. 3500 JPY]</span>. Check into accommodation. <span class='data-missing'>[Accommodation details and cost to be inserted here. Example: Park Hyatt Tokyo, approx. 50,000 JPY per night]</span>.</li><li><b>Afternoon:</b> Explore Shinjuku Gyoen National Garden (9:00-16:00, Entrance fee: 500 JPY). [Alternative: Free view from Tokyo Metropolitan Government Building].</li><li><b>Evening:</b> Dinner in Shinjuku's Omoide Yokocho (Memory Lane). <span class='data-missing'>[Estimated cost: 3000-5000 JPY]</span>.</li><li><b>Notes:</b> Account for potential delays due to flight arrival and customs. Prioritize proximity to Shinjuku Station for accommodation.</li></ul></div><div class='itinerary-day'><h3 id='day-2'>Day 2: Tokyo - Culture & Pop</h3><ul><li><b>Morning:</b> Visit the Tsukiji Outer Market (various opening times, generally early morning). <span class='data-missing'>[Estimated cost for breakfast/lunch: 2000-4000 JPY]</span>.</li><li><b>Afternoon:</b> Explore the vibrant Harajuku district, including Takeshita Street and Meiji Jingu Shrine (free). <span class='data-missing'>[Estimated cost for snacks and souvenirs: 2000-5000 JPY]</span>.</li><li><b>Evening:</b> Shibuya Crossing experience and dinner in Shibuya. <span class='data-missing'>[Estimated cost for dinner: 3000-5000 JPY]</span>.</li><li><b>Notes:</b> Consider a guided walking tour of Harajuku to learn more about its fashion and culture. <span class='data-missing'>[Estimated cost: 5000 JPY]</span>.</li></ul></div><div class='itinerary-day'><h3 id='day-3'>Day 3: Travel to Kyoto & Gion Exploration</h3><ul><li><b>Morning:</b> Travel from Tokyo to Kyoto via Shinkansen (bullet train) from Tokyo Station to Kyoto Station. <span class='data-missing'>[Shinkansen details and cost to be inserted here. Example: Tokaido Shinkansen, approx. 14,000 JPY, 2.5 hours]</span>. Check into accommodation in Kyoto. <span class='data-missing'>[Accommodation details and cost to be inserted here. Example: Hyatt Regency Kyoto, approx. 40,000 JPY per night]</span>.</li><li><b>Afternoon:</b> Explore Gion district, known for geishas. Visit Kennin-ji Temple, the oldest Zen temple in Kyoto (10:00 - 16:30, Entrance fee: 600 JPY).</li><li><b>Evening:</b> Dinner in Gion. <span class='data-missing'>[Estimated cost: 5000-8000 JPY]</span>.</li><li><b>Notes:</b> Consider a walking tour of Gion to learn about its history and culture. <span class='data-missing'>[Estimated cost: 5000 JPY]</span>.</li></ul></div><div class='itinerary-day'><h3 id='day-4'>Day 4: Kyoto - Temples & Tea</h3><ul><li><b>Morning:</b> Visit Kiyomizu-dera Temple (6:00-18:00, Entrance fee: 400 JPY) and explore the surrounding Higashiyama district.</li><li><b>Afternoon:</b> Participate in a traditional tea ceremony. <span class='data-missing'>[Tea ceremony details and cost to be inserted here. Example: Camellia Tea Ceremony, approx. 3000 JPY]</span>.</li><li><b>Evening:</b> Dinner in the Pontocho alley along the Kamogawa River. <span class='data-missing'>[Estimated cost: 5000-8000 JPY]</span>.</li><li><b>Notes:</b> Pre-book the tea ceremony to ensure availability. Consider renting a kimono for the day. <span class='data-missing'>[Rental cost: 5000-10000 JPY]</span>.</li></ul></div><div class='itinerary-day'><h3 id='day-5'>Day 5: Nara - Deer & Temples</h3><ul><li><b>Morning:</b> Travel from Kyoto to Nara via JR Nara Line from Kyoto Station to Nara Station. <span class='data-missing'>[JR Nara Line details and cost to be inserted here. Example: Approx. 720 JPY, 45 minutes]</span>.</li><li><b>Afternoon:</b> Explore Nara Park, interact with the deer, and visit Todai-ji Temple (7:30-17:30, Entrance fee: 600 JPY) which houses a giant bronze Buddha statue.</li><li><b>Evening:</b> Dinner in Nara. <span class='data-missing'>[Estimated cost: 3000-5000 JPY]</span>. Return to Kyoto. <span class='data-missing'>[JR Nara Line details and cost to be inserted here. Example: Approx. 720 JPY, 45 minutes]</span>.</li><li><b>Notes:</b> Buy deer crackers at Nara Park (approx. 200 JPY per pack). Consider visiting Kasuga Taisha Shrine (8:30-16:30, Entrance fee: 500 JPY).</li></ul></div><div class='itinerary-day'><h3 id='day-6'>Day 6: Kyoto - Zen & Bamboo</h3><ul><li><b>Morning:</b> Visit Ryoan-ji Temple (8:30-17:00, Entrance fee: 500 JPY) and contemplate the famous Zen garden.</li><li><b>Afternoon:</b> Explore the Arashiyama Bamboo Grove.</li><li><b>Evening:</b> Farewell dinner in Kyoto. <span class='data-missing'>[Estimated cost: 5000-8000 JPY]</span>.</li><li><b>Notes:</b> Consider a Zen meditation session at a local temple. <span class='data-missing'>[Meditation session details and cost to be inserted here. Example: Shunko-in Temple, approx. 3000 JPY]</span>.</li></ul></div><div class='itinerary-day'><h3 id='day-7'>Day 7: Departure</h3><ul><li><b>Morning:</b> Depart from Kansai International Airport (KIX). <span class='data-missing'>[Travel details and cost to be inserted here. Example: Haruka Express from Kyoto Station to KIX, approx. 3000 JPY]</span>. <span class='data-missing'>[Flight details to be inserted here]</span>.</li></ul></div><div class='specific-requests'><h3 id='incorporating-requests'>Incorporating Specific Requests</h3><ul><li><b>Historical Sites:</b> Todai-ji Temple, Kiyomizu-dera Temple, Kennin-ji Temple, Meiji Jingu Shrine.</li><li><b>Kendo:</b> Opportunities for kendo practice would need to be researched and scheduled in advance. Contacting local dojos in Tokyo and Kyoto is required. <span class='data-missing'>[Contact details and costs to be inserted here]</span>.</li><li><b>Tea Ceremony:</b> A traditional tea ceremony is scheduled for Day 4 in Kyoto.</li><li><b>Zen Meditation:</b> A Zen meditation session is suggested for Day 6 in Kyoto.</li></ul></div><div class='walking-tours'><h3 id='walking-tours'>Walking Tours</h3><p>The itinerary prioritizes walking tours for exploring cities. Specific walking tour routes and durations would need to be planned within each city. Consider organized walking tours where available, but many of the suggested locations are easily walkable. Walking tour costs have not been included, as many are free (tip-based).</p></div><div class='addressing-limitations'><h3 id='addressing-limitations'>Addressing Data Limitations</h3><p>The creation of this itinerary is significantly hampered by the lack of data on attractions, flights, and accommodations. Specific locations, addresses, opening times, and costs cannot be provided without this information. The itinerary is therefore a hypothetical template, outlining how a 7-day trip to Japan could be planned if the necessary data were available.</p></div><div class='estimated-costs'><h3 id='estimated-costs'>Estimated Costs</h3><p>Due to the absence of flight and accommodation data, only estimated costs for attractions, meals, and local transportation are provided. These estimates are based on publicly available information and may vary depending on individual choices.</p></div><div class='proposal-location'><h2 id='proposal-location'>💍 Proposal Location Recommendation</h2><p>Given the lack of specific data and personal preferences, here are a few generic suggestions for a memorable proposal location:</p><ul><li><b>Shinjuku Gyoen National Garden (Tokyo):</b> Offers a serene and beautiful setting with a mix of Japanese, English, and French garden styles.</li><li><b>Kiyomizu-dera Temple (Kyoto):</b> Provides stunning panoramic views of Kyoto, especially during sunset.</li><li><b>Nara Park (Nara):</b> Propose amidst the friendly deer with the backdrop of Todai-ji Temple.</li></ul><p>For a more personalized recommendation, please provide more details about your fiancée's preferences and interests.</p></div><div class='recommendations'><h2 id='recommendations'>💡 Recommendations</h2><ul><li>Provide 'tokyo_attractions_T007' data with specific attraction details, addresses, opening times, and costs.</li><li>Provide 'kyoto_nara_attractions_T008' data with specific attraction details, addresses, opening times, and costs.</li><li>Provide 'flight_options_T001' data to enable concrete selection of flights and assessment of flight costs and travel times.</li><li>Provide 'accommodation_options_T003' data to enable concrete selection of accommodations and assessment of accommodation costs.</li><li>Research and provide specific kendo dojos in Tokyo and Kyoto, including contact details and costs for trial sessions.</li></ul></div><div class='risks-warnings'><h2 id='risks-warnings'>⚠️ Risks & Warnings</h2><ul><li>This itinerary is purely hypothetical due to the absence of data on attractions, flights, and accommodations.</li><li>The suggested attractions and activities are based on general knowledge and may not be suitable for all travelers.</li><li>Decisions made based on this report may be inaccurate or misleading without valid input data.</li><li>Estimated costs are highly variable and may not reflect actual expenses.</li></ul></div><div class='conclusion'><h3 id='conclusion'>Conclusion</h3><p>This report provides a hypothetical 7-day itinerary template for Japan, outlining how a trip to Tokyo, Kyoto, and Nara could be planned. The itinerary includes placeholders for attractions, activities, travel times, and estimated costs. It is important to note that the itinerary is not a functional plan and requires complete data to be fully implemented.</p></div><div class='cultural-notes'><h2 id='cultural-notes'>🎎 Cultural Notes</h2><p>Understanding Japanese culture is essential for a smooth and respectful trip. Here are a few key points:</p><ul><li><b>Bowing:</b> Bowing is a common greeting and expression of respect. The depth of the bow indicates the level of respect.</li><li><b>Shoes:</b> Remove your shoes when entering homes, temples, and some traditional restaurants. Slippers are often provided.</li><li><b>Chopsticks:</b> Learn proper chopstick etiquette. Do not stick them upright in your rice bowl, as this resembles a funeral ritual.</li><li><b>Silence:</b> Be mindful of noise levels, especially in public transportation and quiet areas like temples and gardens.</li><li><b>Tipping:</b> Tipping is not customary in Japan. Good service is expected and included in the price.</li></ul></div><div class='food-recommendations'><h2 id='food-recommendations'>🍜 Food Recommendations</h2><p>Japanese cuisine is diverse and delicious. Here are a few must-try dishes:</p><ul><li><b>Sushi:</b> Fresh seafood on vinegared rice. Try nigiri, maki, and sashimi.</li><li><b>Ramen:</b> Noodle soup with various toppings. Each region has its unique ramen style.</li><li><b>Tempura:</b> Deep-fried seafood and vegetables. Enjoy it with tentsuyu dipping sauce.</li><li><b>Okonomiyaki:</b> Savory pancake with various ingredients. A popular street food in Osaka and Hiroshima.</li><li><b>Yakitori:</b> Grilled chicken skewers. A great snack or accompaniment to drinks.</li><li><b>Kaiseki:</b> A traditional multi-course Japanese dinner. Experience the art of Japanese haute cuisine.</li></ul></div><div class='travel-tips'><h2 id='travel-tips'>✈️ Travel Tips</h2><ul><li><b>Japan Rail Pass:</b> If you plan to travel extensively by train, consider purchasing a Japan Rail Pass. It can save you money on Shinkansen fares.</li><li><b>Pocket WiFi:</b> Rent a pocket WiFi device to stay connected to the internet. It's essential for navigation and communication.</li><li><b>Cash:</b> While credit cards are becoming more widely accepted, it's still a good idea to carry cash, especially for smaller establishments and temples.</li><li><b>Suica/Pasmo Card:</b> Get a Suica or Pasmo card for easy payment on public transportation. You can also use it at vending machines and convenience stores.</li><li><b>Learn Basic Japanese:</b> Knowing a few basic Japanese phrases will enhance your travel experience and show respect for the local culture.</li></ul></div><div class='japanese-phrases'><h2 id='japanese-phrases'>🗣️ Essential Japanese Phrases</h2><table class='japanese-phrases'><thead><tr><th>Phrase</th><th>Translation</th></tr></thead><tbody><tr><td>Konnichiwa</td><td>Hello</td></tr><tr><td>Arigato</td><td>Thank you</td></tr><tr><td>Sumimasen</td><td>Excuse me / I'm sorry</td></tr><tr><td>Gomen nasai</td><td>I'm sorry</td></tr><tr><td>Ohayo gozaimasu</td><td>Good morning</td></tr><tr><td>Konbanwa</td><td>Good evening</td></tr><tr><td>Itadakimasu</td><td>Let's eat (before meal)</td></tr><tr><td>Gochisosama deshita</td><td>Thank you for the meal (after meal)</td></tr><tr><td>Wakarimasen</td><td>I don't understand</td></tr><tr><td>Eigo ga hanasemasu ka?</td><td>Do you speak English?</td></tr><tr><td>Ikura desu ka?</td><td>How much is it?</td></tr><tr><td>Doko desu ka?</td><td>Where is...?</td></tr><tr><td>Kudasai</td><td>Please (when ordering)</td></tr></tbody></table></div><div class='transportation-tips'><h2 id='transportation-tips'>🚄 Transportation Tips</h2><ul><li><b>Shinkansen (Bullet Train):</b> The fastest and most efficient way to travel between cities. Book your tickets in advance, especially during peak season.</li><li><b>Subway:</b> Tokyo and Kyoto have extensive subway networks. Use Google Maps or a local transportation app to navigate.</li><li><b>Buses:</b> Buses are a common mode of transportation in Kyoto. They can be crowded, especially during rush hour.</li><li><b>Taxis:</b> Taxis are available but can be expensive. They are useful for short distances or when traveling with luggage.</li><li><b>Walking:</b> Japan is a very walkable country. Take advantage of walking tours to explore cities at your own pace.</li></ul></div><div class='etiquette-tips'><h2 id='etiquette-tips'>🙏 Etiquette Tips</h2><ul><li><b>Public Bathrooms:</b> Many public bathrooms have advanced features like heated seats and bidet functions.</li><li><b>Eating in Public:</b> It's generally acceptable to eat on trains and in parks, but avoid eating while walking.</li><li><b>Gift Giving:</b> When giving a gift, present it with both hands and offer a humble remark.</li><li><b>Business Cards:</b> Business cards are exchanged with both hands. Treat them with respect and don't write on them immediately.</li><li><b>Facial Expressions:</b> Be mindful of your facial expressions. Avoid excessive eye contact, which can be seen as confrontational.</li></ul></div></div>",
    "call_self": false,
    "cost": 0.004884975,
    "input_tokens": 16294.5,
    "output_tokens": 4068.0,
    "total_tokens": 20362.5
  }
}