{
  "directed": true,
  "multigraph": false,
  "graph": {
    "session_id": "51283380",
    "original_query": "Make an amazing LLM Chat UI Interface, add some simuilated chats between LLM and human as well, including image or chart example in the chat. Show header, siderbar and make it in dark theme. (HTML/JS/CSS)",
    "file_manifest": [],
    "created_at": "2025-06-30T11:36:20.526713",
    "status": "running",
    "globals_schema": {},
    "validation_results": {
      "is_valid": true,
      "is_dag": true,
      "cycles": [],
      "disconnected_components": [],
      "orphaned_nodes": [],
      "root_nodes": [],
      "leaf_nodes": [
        "T006"
      ],
      "warnings": [],
      "errors": []
    },
    "file_profiles": {}
  },
  "nodes": [
    {
      "description": "Initial Query",
      "agent": "System",
      "status": "completed",
      "output": null,
      "error": null,
      "cost": 0.0,
      "start_time": null,
      "end_time": null,
      "execution_time": 0.0,
      "id": "ROOT"
    },
    {
      "id": "T001",
      "description": "Create basic HTML structure for the chat UI",
      "agent": "CoderAgent",
      "agent_prompt": "Create the basic HTML structure for a chat UI with a header, sidebar, main chat area, and input field. Include placeholders for chat messages and a dark theme using CSS classes.",
      "reads": [],
      "writes": [
        "html_structure_T001"
      ],
      "status": "running",
      "output": null,
      "error": null,
      "cost": 0.0,
      "start_time": "2025-06-30T11:36:20.550555",
      "end_time": null,
      "execution_time": 0.0
    },
    {
      "id": "T002",
      "description": "Design CSS for dark theme, header, sidebar, chat area",
      "agent": "CoderAgent",
      "agent_prompt": "Design the CSS for the dark theme, header, sidebar, main chat area, and input field. Use CSS classes to style each element. Ensure the layout is responsive. Refer to `html_structure_T001` to structure the page.",
      "reads": [
        "html_structure_T001"
      ],
      "writes": [
        "css_styles_T002"
      ],
      "status": "pending",
      "output": null,
      "error": null,
      "cost": 0.0,
      "start_time": null,
      "end_time": null,
      "execution_time": 0.0
    },
    {
      "id": "T003",
      "description": "Add JavaScript to simulate chat messages",
      "agent": "CoderAgent",
      "agent_prompt": "Add JavaScript code to simulate chat messages between an LLM and a human. Include functions to add new messages, handle user input, and display the messages in the chat area. Simulate image/chart examples by including image elements with placeholder URLs. The html structure is available at `html_structure_T001`. Also use styles from `css_styles_T002` for better results",
      "reads": [
        "html_structure_T001",
        "css_styles_T002"
      ],
      "writes": [
        "javascript_code_T003"
      ],
      "status": "pending",
      "output": null,
      "error": null,
      "cost": 0.0,
      "start_time": null,
      "end_time": null,
      "execution_time": 0.0
    },
    {
      "id": "T004",
      "description": "Integrate HTML, CSS, and JavaScript into a single file",
      "agent": "CoderAgent",
      "agent_prompt": "Combine the HTML structure from `html_structure_T001`, CSS styles from `css_styles_T002`, and JavaScript code from `javascript_code_T003` into a single HTML file. Ensure all components work together correctly to display the chat UI with simulated messages, header, sidebar, and dark theme.",
      "reads": [
        "html_structure_T001",
        "css_styles_T002",
        "javascript_code_T003"
      ],
      "writes": [
        "complete_html_file_T004"
      ],
      "status": "pending",
      "output": null,
      "error": null,
      "cost": 0.0,
      "start_time": null,
      "end_time": null,
      "execution_time": 0.0
    },
    {
      "id": "T005",
      "description": "Review the generated chat UI and identify any issues",
      "agent": "QAAgent",
      "agent_prompt": "Review the generated chat UI in `complete_html_file_T004` for any functional or styling issues. Check if the dark theme is applied correctly, the layout is responsive, the simulated chat messages are displayed correctly, and the image or chart example is shown. If there are issues, mark the output as 'needs_revision'.",
      "reads": [
        "complete_html_file_T004"
      ],
      "writes": [
        "qa_verdict_T005"
      ],
      "status": "pending",
      "output": null,
      "error": null,
      "cost": 0.0,
      "start_time": null,
      "end_time": null,
      "execution_time": 0.0
    },
    {
      "id": "T006",
      "description": "Format the final chat UI code into human-readable format",
      "agent": "FormatterAgent",
      "agent_prompt": "Format the complete HTML file from `complete_html_file_T004` into a human-readable format, including proper indentation and comments. Summarize the main features of the chat UI, such as the dark theme, header, sidebar, chat messages, and image/chart example. Also include the QA verdict from `qa_verdict_T005` in the summary.",
      "reads": [
        "complete_html_file_T004",
        "qa_verdict_T005"
      ],
      "writes": [
        "formatted_chat_ui_T006"
      ],
      "status": "pending",
      "output": null,
      "error": null,
      "cost": 0.0,
      "start_time": null,
      "end_time": null,
      "execution_time": 0.0
    }
  ],
  "links": [
    {
      "source": "ROOT",
      "target": "T001"
    },
    {
      "source": "T001",
      "target": "T002"
    },
    {
      "source": "T002",
      "target": "T003"
    },
    {
      "source": "T003",
      "target": "T004"
    },
    {
      "source": "T004",
      "target": "T005"
    },
    {
      "source": "T005",
      "target": "T006"
    }
  ]
}