{
  "directed": true,
  "multigraph": false,
  "graph": {
    "session_id": "51284254",
    "original_query": "Make an amazing LLM Chat UI Interface, add some simuilated chats between LLM and human as well, including image or chart example in the chat. Show header, siderbar and make it in dark theme. (HTML/JS/CSS)",
    "file_manifest": [],
    "created_at": "2025-06-30T11:50:54.595087",
    "status": "running",
    "globals_schema": {},
    "validation_results": {
      "is_valid": true,
      "is_dag": true,
      "cycles": [],
      "disconnected_components": [],
      "orphaned_nodes": [],
      "root_nodes": [],
      "leaf_nodes": [
        "T006"
      ],
      "warnings": [],
      "errors": []
    },
    "file_profiles": {}
  },
  "nodes": [
    {
      "description": "Initial Query",
      "agent": "System",
      "status": "completed",
      "output": null,
      "error": null,
      "cost": 0.0,
      "start_time": null,
      "end_time": null,
      "execution_time": 0.0,
      "id": "ROOT"
    },
    {
      "id": "T001",
      "description": "Generate HTML structure for the chat UI with header, sidebar, and dark theme.",
      "agent": "CoderAgent",
      "agent_prompt": "Create the basic HTML structure for a chat UI. Include a header, a sidebar, and a main content area for the chat. Implement a dark theme using CSS. The structure should be semantic and well-organized.",
      "reads": [],
      "writes": [
        "html_structure_T001"
      ],
      "status": "running",
      "output": null,
      "error": null,
      "cost": 0.0,
      "start_time": "2025-06-30T11:50:54.617370",
      "end_time": null,
      "execution_time": 0.0
    },
    {
      "id": "T002",
      "description": "Create CSS styles for the dark theme, header, sidebar, and chat layout.",
      "agent": "CoderAgent",
      "agent_prompt": "Design the CSS styles for the chat UI's dark theme. Style the header, sidebar, chat messages (both human and LLM), and overall layout. Ensure responsiveness and visual appeal.",
      "reads": [
        "html_structure_T001"
      ],
      "writes": [
        "css_styles_T002"
      ],
      "status": "pending",
      "output": null,
      "error": null,
      "cost": 0.0,
      "start_time": null,
      "end_time": null,
      "execution_time": 0.0
    },
    {
      "id": "T003",
      "description": "Implement JavaScript to simulate chat interactions between LLM and human.",
      "agent": "CoderAgent",
      "agent_prompt": "Write JavaScript code to simulate chat interactions. Include logic for adding new messages to the chat, alternating between human and LLM responses. Add the image/chart example to be a part of one of the messages.",
      "reads": [
        "html_structure_T001",
        "css_styles_T002"
      ],
      "writes": [
        "javascript_logic_T003"
      ],
      "status": "pending",
      "output": null,
      "error": null,
      "cost": 0.0,
      "start_time": null,
      "end_time": null,
      "execution_time": 0.0
    },
    {
      "id": "T004",
      "description": "Integrate HTML, CSS, and JavaScript to create the complete chat UI.",
      "agent": "CoderAgent",
      "agent_prompt": "Combine the HTML structure, CSS styles, and JavaScript logic to create the complete LLM Chat UI interface. Ensure that all components work together seamlessly and the chat interactions are displayed correctly. Also ensure the image is displayed correctly.",
      "reads": [
        "html_structure_T001",
        "css_styles_T002",
        "javascript_logic_T003"
      ],
      "writes": [
        "complete_chat_ui_T004"
      ],
      "status": "pending",
      "output": null,
      "error": null,
      "cost": 0.0,
      "start_time": null,
      "end_time": null,
      "execution_time": 0.0
    },
    {
      "id": "T005",
      "description": "Review the complete chat UI for visual and functional accuracy. Also, execute and show it is working correctly.",
      "agent": "QAAgent",
      "agent_prompt": "Review the complete chat UI, checking the correctness of the implementation with respect to the requirement. Verify visual appearance, dark theme, chat interactions, and image display. Make sure it's working correctly.",
      "reads": [
        "complete_chat_ui_T004"
      ],
      "writes": [
        "qa_verdict_T005"
      ],
      "status": "pending",
      "output": null,
      "error": null,
      "cost": 0.0,
      "start_time": null,
      "end_time": null,
      "execution_time": 0.0
    },
    {
      "id": "T006",
      "description": "Format the final chat UI as HTML.",
      "agent": "FormatterAgent",
      "agent_prompt": "Format the complete chat UI into a well structured HTML page ready for deployment.",
      "reads": [
        "complete_chat_ui_T004",
        "qa_verdict_T005"
      ],
      "writes": [
        "final_chat_ui_html_T006"
      ],
      "status": "pending",
      "output": null,
      "error": null,
      "cost": 0.0,
      "start_time": null,
      "end_time": null,
      "execution_time": 0.0
    }
  ],
  "links": [
    {
      "source": "ROOT",
      "target": "T001"
    },
    {
      "source": "T001",
      "target": "T002"
    },
    {
      "source": "T002",
      "target": "T003"
    },
    {
      "source": "T003",
      "target": "T004"
    },
    {
      "source": "T004",
      "target": "T005"
    },
    {
      "source": "T005",
      "target": "T006"
    }
  ]
}