{
  "directed": true,
  "multigraph": false,
  "graph": {
    "session_id": "51282279",
    "original_query": "Make an amazing LLM Chat UI Interface, add some simuilated chats between LLM and human as well, including image or chart example in the chat. Show header, siderbar and make it in dark theme. (HTML/JS/CSS)",
    "file_manifest": [],
    "created_at": "2025-06-30T11:17:59.140955",
    "status": "running",
    "globals_schema": {
      "chat_ui_structure_T001": "chat_ui_structure_T001.html",
      "dark_theme_css_T001": "dark_theme_css_T001.css",
      "chat_interaction_js_T002": "chat_interaction.js",
      "simulated_chat_messages_T003": "simulated chat messages created in JSON format"
    },
    "validation_results": {
      "is_valid": true,
      "is_dag": true,
      "cycles": [],
      "disconnected_components": [],
      "orphaned_nodes": [],
      "root_nodes": [],
      "leaf_nodes": [
        "T005"
      ],
      "warnings": [],
      "errors": []
    },
    "file_profiles": {}
  },
  "nodes": [
    {
      "description": "Initial Query",
      "agent": "System",
      "status": "completed",
      "output": null,
      "error": null,
      "cost": 0.0,
      "start_time": null,
      "end_time": null,
      "execution_time": 0.0,
      "id": "ROOT"
    },
    {
      "id": "T001",
      "description": "Generate HTML structure for chat UI with header, sidebar, and dark theme.",
      "agent": "CoderAgent",
      "agent_prompt": "Create a basic HTML structure for a chat UI. Include a header, a sidebar, and a main content area for the chat. Implement a dark theme using CSS. Do not include any chat messages yet. Save the HTML code to `chat_ui_structure_T001` and the CSS for the dark theme to `dark_theme_css_T001`.",
      "reads": [],
      "writes": [
        "chat_ui_structure_T001",
        "dark_theme_css_T001"
      ],
      "status": "completed",
      "output": {
        "chat_ui_structure_T001": "HTML structure for a chat UI with header, sidebar, and main content area, and a link to the dark theme CSS.",
        "dark_theme_css_T001": "CSS for a dark theme.",
        "call_self": false,
        "code_variants": {
          "CODE_1A": "html_content = '''<!DOCTYPE html>\n<html lang=\"en\">\n<head>\n    <meta charset=\"UTF-8\">\n    <meta name=\"viewport\" content=\"width=device-width, initial-scale=1.0\">\n    <title>Chat UI</title>\n    <link rel=\"stylesheet\" href=\"dark_theme.css\">\n</head>\n<body>\n    <header>\n        <h1>Chat</h1>\n    </header>\n    <div class=\"container\">\n        <aside>\n            <ul>\n                <li>Channel 1</li>\n                <li>Channel 2</li>\n                <li>Channel 3</li>\n            </ul>\n        </aside>\n        <main>\n            <!-- Chat messages will go here -->\n        </main>\n    </div>\n    <footer>\n        <p>&copy; 2024 Chat App</p>\n    </footer>\n</body>\n</html>'''\n\ncss_content = '''body {\n    background-color: #333;\n    color: #fff;\n    font-family: sans-serif;\n    margin: 0;\n}\n\nheader {\n    background-color: #222;\n    padding: 10px;\n    text-align: center;\n}\n\n.container {\n    display: flex;\n    height: calc(100vh - 100px); /* header + footer */\n}\n\naside {\n    width: 200px;\n    background-color: #444;\n    padding: 10px;\n}\n\naside ul {\n    list-style: none;\n    padding: 0;\n}\n\naside li {\n    padding: 5px;\n    cursor: pointer;\n}\n\nmain {\n    flex: 1;\n    padding: 10px;\n}\n\nfooter {\n    background-color: #222;\n    padding: 10px;\n    text-align: center;\n    position: fixed;\n    bottom: 0;\n    width: 100%;\n}'''\n\nwith open('chat_ui_structure_T001.html', 'w') as f:\n    f.write(html_content)\n    \nwith open('dark_theme_css_T001.css', 'w') as f:\n    f.write(css_content)\n\nreturn {'chat_ui_structure_T001': 'chat_ui_structure_T001.html', 'dark_theme_css_T001': 'dark_theme_css_T001.css'}"
        },
        "cost": 0.0001,
        "input_tokens": 3485.3,
        "output_tokens": 217.1,
        "total_tokens": 3702.4,
        "execution_result": {
          "chat_ui_structure_T001": "chat_ui_structure_T001.html",
          "dark_theme_css_T001": "dark_theme_css_T001.css"
        },
        "execution_status": "success",
        "execution_error": null,
        "execution_time": "2025-06-30 16:48:04",
        "executed_variant": "CODE_1A"
      },
      "error": null,
      "cost": 0.0001,
      "start_time": "2025-06-30T11:17:59.163028",
      "end_time": "2025-06-30T11:18:04.284119",
      "execution_time": 5.121091,
      "input_tokens": 3485.3,
      "output_tokens": 217.1,
      "total_tokens": 3702.4
    },
    {
      "id": "T002",
      "description": "Add JavaScript to handle simulated chat messages.",
      "agent": "CoderAgent",
      "agent_prompt": "Create JavaScript code to dynamically add simulated chat messages to the chat UI. Include functions to differentiate between LLM and human messages, and append them to the chat container. The HTML structure is in `chat_ui_structure_T001` and will be dynamically updated by this javascript. Save the javascript as `chat_interaction_js_T002`.",
      "reads": [
        "chat_ui_structure_T001"
      ],
      "writes": [
        "chat_interaction_js_T002"
      ],
      "status": "completed",
      "output": {
        "chat_interaction_js_T002": "JavaScript file created to handle dynamic chat interactions.",
        "call_self": false,
        "code_variants": {
          "CODE_1A": "\njs_content = '''\nfunction addLLMMessage(message) {\n    const chatContainer = document.getElementById('chat-container');\n    const messageElement = document.createElement('div');\n    messageElement.classList.add('message', 'llm-message');\n    messageElement.textContent = message;\n    chatContainer.appendChild(messageElement);\n    chatContainer.scrollTop = chatContainer.scrollHeight; // Keep scrolling to the bottom\n}\n\nfunction addHumanMessage(message) {\n    const chatContainer = document.getElementById('chat-container');\n    const messageElement = document.createElement('div');\n    messageElement.classList.add('message', 'human-message');\n    messageElement.textContent = message;\n    chatContainer.appendChild(messageElement);\n    chatContainer.scrollTop = chatContainer.scrollHeight; // Keep scrolling to the bottom\n}\n\n// Example usage (you can call these functions from other parts of your code)\n// addLLMMessage(\"Hello, I am the LLM.\");\n// addHumanMessage(\"Hi LLM!\");\n\n'''\n\n\nwith open('chat_interaction.js', 'w') as f:\n    f.write(js_content)\n\nreturn {'chat_interaction_js_T002': 'chat_interaction.js'}\n"
        },
        "cost": 0.0001,
        "input_tokens": 3484.0,
        "output_tokens": 128.70000000000002,
        "total_tokens": 3612.7,
        "execution_result": {
          "chat_interaction_js_T002": "chat_interaction.js"
        },
        "execution_status": "success",
        "execution_error": null,
        "execution_time": "2025-06-30 16:48:08",
        "executed_variant": "CODE_1A"
      },
      "error": null,
      "cost": 0.0001,
      "start_time": "2025-06-30T11:18:04.298364",
      "end_time": "2025-06-30T11:18:08.162007",
      "execution_time": 3.863643,
      "input_tokens": 3484.0,
      "output_tokens": 128.70000000000002,
      "total_tokens": 3612.7
    },
    {
      "id": "T003",
      "description": "Create simulated chat messages (LLM and human) including an image or chart example.",
      "agent": "CoderAgent",
      "agent_prompt": "Design a series of simulated chat messages between an LLM and a human. Include at least 5 exchanges. In one of the LLM responses, incorporate an example of an image or chart by including the appropriate HTML img tag that would render a sample chart. The image source `sample_chart.png` can be placeholder. This chat is to be used by `chat_interaction_js_T002` . Output the chat messages in JSON format as `simulated_chat_messages_T003`.",
      "reads": [],
      "writes": [
        "simulated_chat_messages_T003"
      ],
      "status": "completed",
      "output": {
        "simulated_chat_messages_T003": "simulated chat messages created in JSON format",
        "call_self": false,
        "code_variants": {
          "CODE_1A": "import json\n\nchat_messages = [\n    {\n        \"speaker\": \"Human\",\n        \"text\": \"Hello! Can you help me understand the basics of machine learning?\"\n    },\n    {\n        \"speaker\": \"LLM\",\n        \"text\": \"Of course! Machine learning is a field of computer science that allows systems to learn from data without being explicitly programmed.  It involves algorithms that improve automatically through experience. What specific area are you interested in?\"\n    },\n    {\n        \"speaker\": \"Human\",\n        \"text\": \"What are some of the common types of machine learning?\"\n    },\n    {\n        \"speaker\": \"LLM\",\n        \"text\": \"There are several types, including supervised learning, unsupervised learning, and reinforcement learning. Supervised learning uses labeled data, unsupervised learning uses unlabeled data to find patterns, and reinforcement learning uses rewards and punishments to train an agent.\"\n    },\n    {\n        \"speaker\": \"Human\",\n        \"text\": \"Could you give me an example of how supervised learning works, maybe with a visual?\"\n    },\n    {\n        \"speaker\": \"LLM\",\n        \"text\": \"Certainly! Imagine you want to predict house prices based on size. You would train a model using a dataset of house sizes and their corresponding prices. The model learns the relationship between size and price. Here's a basic visualization of how this works: <br><img src='sample_chart.png' alt='Sample Chart Showing House Prices vs. Size'><br>This chart shows how the model predicts the price (y-axis) based on the size (x-axis).\"\n    },\n    {\n        \"speaker\": \"Human\",\n        \"text\": \"That makes sense!  What are some practical applications of machine learning?\"\n    },\n    {\n        \"speaker\": \"LLM\",\n        \"text\": \"Machine learning is used in a wide range of applications, including spam filtering, recommendation systems, fraud detection, medical diagnosis, and self-driving cars.\"\n    }\n]\n\nchat_json = json.dumps(chat_messages, indent=4)\n\nreturn {'simulated_chat_messages_T003': chat_json}"
        },
        "cost": 0.0001,
        "input_tokens": 3510.0,
        "output_tokens": 356.2,
        "total_tokens": 3866.2,
        "execution_result": null,
        "execution_status": "error",
        "execution_error": "All code variants failed",
        "execution_time": null,
        "executed_variant": null
      },
      "error": null,
      "cost": 0.0001,
      "start_time": "2025-06-30T11:18:08.179297",
      "end_time": "2025-06-30T11:18:13.819429",
      "execution_time": 5.640132,
      "input_tokens": 3510.0,
      "output_tokens": 356.2,
      "total_tokens": 3866.2
    },
    {
      "id": "T004",
      "description": "Integrate CSS, JavaScript, and simulated messages into the HTML structure.",
      "agent": "CoderAgent",
      "agent_prompt": "Combine the HTML structure from `chat_ui_structure_T001`, the dark theme CSS from `dark_theme_css_T001`, the chat interaction JavaScript from `chat_interaction_js_T002`, and the simulated chat messages from `simulated_chat_messages_T003` into a single, functional HTML file. Ensure the chat messages are displayed correctly and that the dark theme is applied. The javascript code should render the messages correctly based on the data available in `simulated_chat_messages_T003`. The CSS style is located in `dark_theme_css_T001`. Save the full HTML to `final_chat_ui_T004`.",
      "reads": [
        "chat_ui_structure_T001",
        "dark_theme_css_T001",
        "chat_interaction_js_T002",
        "simulated_chat_messages_T003"
      ],
      "writes": [
        "final_chat_ui_T004"
      ],
      "status": "running",
      "output": null,
      "error": null,
      "cost": 0.0,
      "start_time": "2025-06-30T11:18:13.838159",
      "end_time": null,
      "execution_time": 0.0
    },
    {
      "id": "T005",
      "description": "Format the final HTML output into human-readable format.",
      "agent": "FormatterAgent",
      "agent_prompt": "Format the final HTML output from `final_chat_ui_T004` to improve readability and presentation. Show the formatted output, with well-structured and visually organized dark theme and simuilated chats.",
      "reads": [
        "final_chat_ui_T004"
      ],
      "writes": [
        "formatted_chat_ui_T005"
      ],
      "status": "pending",
      "output": null,
      "error": null,
      "cost": 0.0,
      "start_time": null,
      "end_time": null,
      "execution_time": 0.0
    }
  ],
  "links": [
    {
      "source": "ROOT",
      "target": "T001"
    },
    {
      "source": "T001",
      "target": "T002"
    },
    {
      "source": "T002",
      "target": "T003"
    },
    {
      "source": "T003",
      "target": "T004"
    },
    {
      "source": "T004",
      "target": "T005"
    }
  ]
}