{
  "directed": true,
  "multigraph": false,
  "graph": {
    "session_id": "51334620",
    "original_query": "### Generate a Beautiful Multi-Page Landing Website using Flowbite (Dark Mode)Create a **dark-themed, modern landing website** using **Flowbite + Tailwind CSS**.The site should have 4 pages:* `index.html` (Home)* `about.html`* `products.html`* `contact.html`✅ **Site Requirements**#### 🌌 Theme* Use **Flowbite** with **Tailwind CSS** in **dark mode*** Ensure consistency in fonts, spacing, and responsiveness* Include dark background and high-contrast elements#### 📄 Pages and Structure1. **index.html (Home)**   * Full-screen hero section with background image (from Unsplash or other safe public image sources)   * Features section (3–4 highlights)   * Testimonials section (dark cards)   * CTA section (“Start Free Trial” or similar)   * Footer with social icons + links2. **about.html**   * Mission statement   * Timeline or values section   * Team member cards3. **products.html**   * Grid layout with 6–8 product/service cards   * Each card has title, short description, image, price (if relevant)   * Filter or category tags optional4. **contact.html**   * Contact form with name/email/message   * Map placeholder or location card   * Email and support links#### 🖼️ Image Guidance* Use image URLs from:  * [Unsplash](https://source.unsplash.com)  * [Pexels](https://www.pexels.com/)  * [Picsum](https://picsum.photos)Example:```html<img src=\\\\\\\"https://source.unsplash.com/1600x900/?technology,dark\\\\\\\" />```#### 🧩 Tech Notes* Use Tailwind + Flowbite CDN setup (no build tools required)* Keep layout modular: shared header/footer across pages* Add `<meta>` tags and page titles properly* Ensure mobile responsiveness---### 📦 Output FormatPlease generate 4 code blocks, one per file:```html<!-- index.html -->...``````html<!-- about.html -->...```...Use real, readable English content – not placeholders.The goal is to make the site **look and feel like a real premium product launch site**. Call CoderAgent atleast 66-7 times for different exhaustive but specific tasks as this is a detailed project. Remember CoderAgent is stateless and can't see other outputs. So you will have to be very specific in creating only parts else it will create full htmls---",
    "file_manifest": [],
    "created_at": "2025-07-01T01:50:20.935575",
    "status": "running",
    "globals_schema": {},
    "validation_results": {
      "is_valid": true,
      "is_dag": true,
      "cycles": [],
      "disconnected_components": [],
      "orphaned_nodes": [],
      "root_nodes": [],
      "leaf_nodes": [
        "T018",
        "T019",
        "T020",
        "T021"
      ],
      "warnings": [],
      "errors": []
    },
    "file_profiles": {}
  },
  "nodes": [
    {
      "description": "Initial Query",
      "agent": "System",
      "status": "completed",
      "output": null,
      "error": null,
      "cost": 0.0,
      "start_time": null,
      "end_time": null,
      "execution_time": 0.0,
      "id": "ROOT"
    },
    {
      "id": "T001",
      "description": "Create a dark-themed, modern landing website index.html (Home) - Hero Section",
      "agent": "CoderAgent",
      "agent_prompt": "Create the `index.html` file for the landing website. Focus on the hero section with a full-screen background image from Unsplash (using `https://source.unsplash.com/1600x900/?technology,dark`), a title, and a brief description. Use Flowbite with Tailwind CSS in dark mode. Ensure the section is responsive and visually appealing.",
      "reads": [],
      "writes": [
        "index_hero_section_html_T001"
      ],
      "status": "running",
      "output": null,
      "error": null,
      "cost": 0.0,
      "start_time": "2025-07-01T01:50:20.964512",
      "end_time": null,
      "execution_time": 0.0
    },
    {
      "id": "T002",
      "description": "Create the Features section for index.html",
      "agent": "CoderAgent",
      "agent_prompt": "Create the Features section (3–4 highlights) for the `index.html` landing website. Each feature should include an icon, title, and short description.  Use Flowbite with Tailwind CSS in dark mode. Ensure the section is responsive and visually appealing.",
      "reads": [],
      "writes": [
        "index_features_section_html_T002"
      ],
      "status": "running",
      "output": null,
      "error": null,
      "cost": 0.0,
      "start_time": "2025-07-01T01:50:20.969579",
      "end_time": null,
      "execution_time": 0.0
    },
    {
      "id": "T003",
      "description": "Create the Testimonials section for index.html",
      "agent": "CoderAgent",
      "agent_prompt": "Create the Testimonials section (dark cards) for the `index.html` landing website.  Each testimonial should include a quote, author name, and designation.  Use Flowbite with Tailwind CSS in dark mode. Ensure the section is responsive and visually appealing.",
      "reads": [],
      "writes": [
        "index_testimonials_section_html_T003"
      ],
      "status": "running",
      "output": null,
      "error": null,
      "cost": 0.0,
      "start_time": "2025-07-01T01:50:20.974509",
      "end_time": null,
      "execution_time": 0.0
    },
    {
      "id": "T004",
      "description": "Create the CTA section for index.html",
      "agent": "CoderAgent",
      "agent_prompt": "Create the CTA (Call to Action) section (“Start Free Trial” or similar) for the `index.html` landing website.  Use Flowbite with Tailwind CSS in dark mode. Ensure the section is responsive and visually appealing.",
      "reads": [],
      "writes": [
        "index_cta_section_html_T004"
      ],
      "status": "running",
      "output": null,
      "error": null,
      "cost": 0.0,
      "start_time": "2025-07-01T01:50:20.978512",
      "end_time": null,
      "execution_time": 0.0
    },
    {
      "id": "T005",
      "description": "Create the Footer section for index.html",
      "agent": "CoderAgent",
      "agent_prompt": "Create the Footer section (social icons + links) for the `index.html` landing website.  Use Flowbite with Tailwind CSS in dark mode. Ensure the section is responsive and visually appealing.",
      "reads": [],
      "writes": [
        "index_footer_section_html_T005"
      ],
      "status": "running",
      "output": null,
      "error": null,
      "cost": 0.0,
      "start_time": "2025-07-01T01:50:20.982506",
      "end_time": null,
      "execution_time": 0.0
    },
    {
      "id": "T006",
      "description": "Combine all sections to create the complete index.html",
      "agent": "CoderAgent",
      "agent_prompt": "Combine all the sections: hero section from `index_hero_section_html_T001`, features section from `index_features_section_html_T002`, testimonials section from `index_testimonials_section_html_T003`, CTA section from `index_cta_section_html_T004`, and the footer section from `index_footer_section_html_T005` into a complete and valid `index.html` file.  Add necessary HTML structure, meta tags, and title. Use Flowbite with Tailwind CSS in dark mode and CDN setup. Ensure mobile responsiveness and consistency.",
      "reads": [
        "index_hero_section_html_T001",
        "index_features_section_html_T002",
        "index_testimonials_section_html_T003",
        "index_cta_section_html_T004",
        "index_footer_section_html_T005"
      ],
      "writes": [
        "index_html_T006"
      ],
      "status": "pending",
      "output": null,
      "error": null,
      "cost": 0.0,
      "start_time": null,
      "end_time": null,
      "execution_time": 0.0
    },
    {
      "id": "T007",
      "description": "Create about.html - Mission Statement section",
      "agent": "CoderAgent",
      "agent_prompt": "Create the Mission Statement section for the `about.html` page. The section should display the company's mission statement in a visually appealing manner. Use Flowbite with Tailwind CSS in dark mode. Ensure responsiveness.",
      "reads": [],
      "writes": [
        "about_mission_statement_html_T007"
      ],
      "status": "running",
      "output": null,
      "error": null,
      "cost": 0.0,
      "start_time": "2025-07-01T01:50:20.987573",
      "end_time": null,
      "execution_time": 0.0
    },
    {
      "id": "T008",
      "description": "Create about.html - Timeline or Values Section",
      "agent": "CoderAgent",
      "agent_prompt": "Create the Timeline or Values section for the `about.html` page. Design a timeline showcasing important milestones or present core company values. Use Flowbite with Tailwind CSS in dark mode. Ensure responsiveness.",
      "reads": [],
      "writes": [
        "about_timeline_values_html_T008"
      ],
      "status": "running",
      "output": null,
      "error": null,
      "cost": 0.0,
      "start_time": "2025-07-01T01:50:20.992515",
      "end_time": null,
      "execution_time": 0.0
    },
    {
      "id": "T009",
      "description": "Create about.html - Team Member Cards",
      "agent": "CoderAgent",
      "agent_prompt": "Create the Team Member Cards section for the `about.html` page. Each team member card should include a photo, name, and designation. Use Flowbite with Tailwind CSS in dark mode. Ensure responsiveness.",
      "reads": [],
      "writes": [
        "about_team_members_html_T009"
      ],
      "status": "running",
      "output": null,
      "error": null,
      "cost": 0.0,
      "start_time": "2025-07-01T01:50:20.996510",
      "end_time": null,
      "execution_time": 0.0
    },
    {
      "id": "T010",
      "description": "Combine all sections to create the complete about.html",
      "agent": "CoderAgent",
      "agent_prompt": "Combine the mission statement section from `about_mission_statement_html_T007`, the timeline or values section from `about_timeline_values_html_T008`, and the team member cards section from `about_team_members_html_T009` into a complete and valid `about.html` file. Add necessary HTML structure, meta tags, and title. Use Flowbite with Tailwind CSS in dark mode and CDN setup. Ensure mobile responsiveness and consistency.",
      "reads": [
        "about_mission_statement_html_T007",
        "about_timeline_values_html_T008",
        "about_team_members_html_T009"
      ],
      "writes": [
        "about_html_T010"
      ],
      "status": "pending",
      "output": null,
      "error": null,
      "cost": 0.0,
      "start_time": null,
      "end_time": null,
      "execution_time": 0.0
    },
    {
      "id": "T011",
      "description": "Create products.html - Product/Service Cards (Grid Layout)",
      "agent": "CoderAgent",
      "agent_prompt": "Create a grid layout with 6 product/service cards for the `products.html` page. Each card should have a title, short description, image, and price (if relevant). Use image URLs from Unsplash, Pexels, or Picsum. Use Flowbite with Tailwind CSS in dark mode. Ensure responsiveness.",
      "reads": [],
      "writes": [
        "products_grid_layout_html_T011"
      ],
      "status": "running",
      "output": null,
      "error": null,
      "cost": 0.0,
      "start_time": "2025-07-01T01:50:21.001511",
      "end_time": null,
      "execution_time": 0.0
    },
    {
      "id": "T012",
      "description": "Create products.html - Filter/Category Tags (Optional)",
      "agent": "CoderAgent",
      "agent_prompt": "Create Filter or Category Tags (optional) for the `products.html` page to allow filtering of the product cards. Use Flowbite with Tailwind CSS in dark mode. Ensure responsiveness.",
      "reads": [],
      "writes": [
        "products_filter_tags_html_T012"
      ],
      "status": "running",
      "output": null,
      "error": null,
      "cost": 0.0,
      "start_time": "2025-07-01T01:50:21.005512",
      "end_time": null,
      "execution_time": 0.0
    },
    {
      "id": "T013",
      "description": "Combine product cards and filters to create the complete products.html",
      "agent": "CoderAgent",
      "agent_prompt": "Combine the product grid layout from `products_grid_layout_html_T011` and optional filter/category tags from `products_filter_tags_html_T012` into a complete and valid `products.html` file. Add necessary HTML structure, meta tags, and title. Use Flowbite with Tailwind CSS in dark mode and CDN setup. Ensure mobile responsiveness and consistency.",
      "reads": [
        "products_grid_layout_html_T011",
        "products_filter_tags_html_T012"
      ],
      "writes": [
        "products_html_T013"
      ],
      "status": "pending",
      "output": null,
      "error": null,
      "cost": 0.0,
      "start_time": null,
      "end_time": null,
      "execution_time": 0.0
    },
    {
      "id": "T014",
      "description": "Create contact.html - Contact Form",
      "agent": "CoderAgent",
      "agent_prompt": "Create a contact form with name, email, and message fields for the `contact.html` page. Use Flowbite with Tailwind CSS in dark mode. Ensure responsiveness.",
      "reads": [],
      "writes": [
        "contact_form_html_T014"
      ],
      "status": "running",
      "output": null,
      "error": null,
      "cost": 0.0,
      "start_time": "2025-07-01T01:50:21.010523",
      "end_time": null,
      "execution_time": 0.0
    },
    {
      "id": "T015",
      "description": "Create contact.html - Map Placeholder or Location Card",
      "agent": "CoderAgent",
      "agent_prompt": "Create a map placeholder or location card for the `contact.html` page. This can be a static image or an embedded map. Use Flowbite with Tailwind CSS in dark mode. Ensure responsiveness.",
      "reads": [],
      "writes": [
        "contact_map_html_T015"
      ],
      "status": "running",
      "output": null,
      "error": null,
      "cost": 0.0,
      "start_time": "2025-07-01T01:50:21.014573",
      "end_time": null,
      "execution_time": 0.0
    },
    {
      "id": "T016",
      "description": "Create contact.html - Email and Support Links",
      "agent": "CoderAgent",
      "agent_prompt": "Create Email and Support Links for the `contact.html` page. Use Flowbite with Tailwind CSS in dark mode. Ensure responsiveness.",
      "reads": [],
      "writes": [
        "contact_email_support_html_T016"
      ],
      "status": "running",
      "output": null,
      "error": null,
      "cost": 0.0,
      "start_time": "2025-07-01T01:50:21.019509",
      "end_time": null,
      "execution_time": 0.0
    },
    {
      "id": "T017",
      "description": "Combine all sections to create the complete contact.html",
      "agent": "CoderAgent",
      "agent_prompt": "Combine the contact form from `contact_form_html_T014`, the map placeholder or location card from `contact_map_html_T015`, and the email and support links from `contact_email_support_html_T016` into a complete and valid `contact.html` file. Add necessary HTML structure, meta tags, and title. Use Flowbite with Tailwind CSS in dark mode and CDN setup. Ensure mobile responsiveness and consistency.",
      "reads": [
        "contact_form_html_T014",
        "contact_map_html_T015",
        "contact_email_support_html_T016"
      ],
      "writes": [
        "contact_html_T017"
      ],
      "status": "pending",
      "output": null,
      "error": null,
      "cost": 0.0,
      "start_time": null,
      "end_time": null,
      "execution_time": 0.0
    },
    {
      "id": "T018",
      "description": "Distill index.html code",
      "agent": "DistillerAgent",
      "agent_prompt": "Summarize the HTML code for `index_html_T006`, highlighting the key sections and their structure. Focus on the use of Flowbite and Tailwind CSS.",
      "reads": [
        "index_html_T006"
      ],
      "writes": [
        "index_html_summary_T018"
      ],
      "status": "pending",
      "output": null,
      "error": null,
      "cost": 0.0,
      "start_time": null,
      "end_time": null,
      "execution_time": 0.0
    },
    {
      "id": "T019",
      "description": "Distill about.html code",
      "agent": "DistillerAgent",
      "agent_prompt": "Summarize the HTML code for `about_html_T010`, highlighting the key sections and their structure. Focus on the use of Flowbite and Tailwind CSS.",
      "reads": [
        "about_html_T010"
      ],
      "writes": [
        "about_html_summary_T019"
      ],
      "status": "pending",
      "output": null,
      "error": null,
      "cost": 0.0,
      "start_time": null,
      "end_time": null,
      "execution_time": 0.0
    },
    {
      "id": "T020",
      "description": "Distill products.html code",
      "agent": "DistillerAgent",
      "agent_prompt": "Summarize the HTML code for `products_html_T013`, highlighting the key sections and their structure. Focus on the use of Flowbite and Tailwind CSS.",
      "reads": [
        "products_html_T013"
      ],
      "writes": [
        "products_html_summary_T020"
      ],
      "status": "pending",
      "output": null,
      "error": null,
      "cost": 0.0,
      "start_time": null,
      "end_time": null,
      "execution_time": 0.0
    },
    {
      "id": "T021",
      "description": "Distill contact.html code",
      "agent": "DistillerAgent",
      "agent_prompt": "Summarize the HTML code for `contact_html_T017`, highlighting the key sections and their structure. Focus on the use of Flowbite and Tailwind CSS.",
      "reads": [
        "contact_html_T017"
      ],
      "writes": [
        "contact_html_summary_T021"
      ],
      "status": "pending",
      "output": null,
      "error": null,
      "cost": 0.0,
      "start_time": null,
      "end_time": null,
      "execution_time": 0.0
    }
  ],
  "links": [
    {
      "source": "ROOT",
      "target": "T001"
    },
    {
      "source": "ROOT",
      "target": "T002"
    },
    {
      "source": "ROOT",
      "target": "T003"
    },
    {
      "source": "ROOT",
      "target": "T004"
    },
    {
      "source": "ROOT",
      "target": "T005"
    },
    {
      "source": "ROOT",
      "target": "T007"
    },
    {
      "source": "ROOT",
      "target": "T008"
    },
    {
      "source": "ROOT",
      "target": "T009"
    },
    {
      "source": "ROOT",
      "target": "T011"
    },
    {
      "source": "ROOT",
      "target": "T012"
    },
    {
      "source": "ROOT",
      "target": "T014"
    },
    {
      "source": "ROOT",
      "target": "T015"
    },
    {
      "source": "ROOT",
      "target": "T016"
    },
    {
      "source": "T001",
      "target": "T006"
    },
    {
      "source": "T002",
      "target": "T006"
    },
    {
      "source": "T003",
      "target": "T006"
    },
    {
      "source": "T004",
      "target": "T006"
    },
    {
      "source": "T005",
      "target": "T006"
    },
    {
      "source": "T006",
      "target": "T018"
    },
    {
      "source": "T007",
      "target": "T010"
    },
    {
      "source": "T008",
      "target": "T010"
    },
    {
      "source": "T009",
      "target": "T010"
    },
    {
      "source": "T010",
      "target": "T019"
    },
    {
      "source": "T011",
      "target": "T013"
    },
    {
      "source": "T012",
      "target": "T013"
    },
    {
      "source": "T013",
      "target": "T020"
    },
    {
      "source": "T014",
      "target": "T017"
    },
    {
      "source": "T015",
      "target": "T017"
    },
    {
      "source": "T016",
      "target": "T017"
    },
    {
      "source": "T017",
      "target": "T021"
    }
  ]
}