{
  "directed": true,
  "multigraph": false,
  "graph": {
    "session_id": "51334262",
    "original_query": "### Generate a Beautiful Multi-Page Landing Website using Flowbite (Dark Mode)Create a **dark-themed, modern landing website** using **Flowbite + Tailwind CSS**.The site should have 4 pages:* `index.html` (Home)* `about.html`* `products.html`* `contact.html`✅ **Site Requirements**#### 🌌 Theme* Use **Flowbite** with **Tailwind CSS** in **dark mode*** Ensure consistency in fonts, spacing, and responsiveness* Include dark background and high-contrast elements#### 📄 Pages and Structure1. **index.html (Home)**   * Full-screen hero section with background image (from Unsplash or other safe public image sources)   * Features section (3–4 highlights)   * Testimonials section (dark cards)   * CTA section (“Start Free Trial” or similar)   * Footer with social icons + links2. **about.html**   * Mission statement   * Timeline or values section   * Team member cards3. **products.html**   * Grid layout with 6–8 product/service cards   * Each card has title, short description, image, price (if relevant)   * Filter or category tags optional4. **contact.html**   * Contact form with name/email/message   * Map placeholder or location card   * Email and support links#### 🖼️ Image Guidance* Use image URLs from:  * [Unsplash](https://source.unsplash.com)  * [Pexels](https://www.pexels.com/)  * [Picsum](https://picsum.photos)Example:```html<img src=\\\\\\\"https://source.unsplash.com/1600x900/?technology,dark\\\\\\\" />```#### 🧩 Tech Notes* Use Tailwind + Flowbite CDN setup (no build tools required)* Keep layout modular: shared header/footer across pages* Add `<meta>` tags and page titles properly* Ensure mobile responsiveness---### 📦 Output FormatPlease generate 4 code blocks, one per file:```html<!-- index.html -->...``````html<!-- about.html -->...```...Use real, readable English content – not placeholders.The goal is to make the site **look and feel like a real premium product launch site**. Call CoderAgent atleast 66-7 times for different exhaustive but specific tasks as this is a detailed project. Remember CoderAgent is stateless and can't see other outputs. So you will have to be very specific in creating only parts else it will create full htmls---",
    "file_manifest": [],
    "created_at": "2025-07-01T01:44:22.483492",
    "status": "running",
    "globals_schema": {},
    "validation_results": {
      "is_valid": true,
      "is_dag": true,
      "cycles": [],
      "disconnected_components": [],
      "orphaned_nodes": [],
      "root_nodes": [],
      "leaf_nodes": [
        "T001",
        "T002",
        "T003",
        "T004",
        "T005",
        "T006",
        "T007",
        "T008",
        "T009",
        "T010",
        "T011",
        "T012",
        "T013",
        "T014",
        "T015",
        "T016",
        "T017",
        "T018",
        "T019",
        "T020",
        "T021",
        "T022",
        "T023",
        "T024",
        "T025",
        "T026",
        "T027",
        "T028",
        "T029",
        "T030"
      ],
      "warnings": [],
      "errors": []
    },
    "file_profiles": {}
  },
  "nodes": [
    {
      "description": "Initial Query",
      "agent": "System",
      "status": "completed",
      "output": null,
      "error": null,
      "cost": 0.0,
      "start_time": null,
      "end_time": null,
      "execution_time": 0.0,
      "id": "ROOT"
    },
    {
      "id": "T001",
      "description": "Generate the basic HTML structure for index.html with Tailwind CSS and Flowbite CDN.",
      "agent": "CoderAgent",
      "agent_prompt": "Create a basic HTML structure for index.html. Include the necessary Tailwind CSS and Flowbite CDN links in the <head> section. Set up a dark theme using Tailwind CSS classes. Ensure basic meta tags and title are included.",
      "reads": [],
      "writes": [
        "index_html_basic_structure_T001"
      ],
      "status": "running",
      "output": null,
      "error": null,
      "cost": 0.0,
      "start_time": "2025-07-01T01:44:22.507480",
      "end_time": null,
      "execution_time": 0.0
    },
    {
      "id": "T002",
      "description": "Add a full-screen hero section to index.html with a dark-themed background image.",
      "agent": "CoderAgent",
      "agent_prompt": "Add a full-screen hero section to the `index_html_basic_structure_T001`. Use a dark-themed background image from Unsplash (https://source.unsplash.com/1600x900/?technology,dark). Include a heading, subheading, and a call-to-action button with appropriate dark-themed styling using Tailwind CSS.",
      "reads": [
        "index_html_basic_structure_T001"
      ],
      "writes": [
        "index_html_hero_section_T002"
      ],
      "status": "running",
      "output": null,
      "error": null,
      "cost": 0.0,
      "start_time": "2025-07-01T01:44:22.516804",
      "end_time": null,
      "execution_time": 0.0
    },
    {
      "id": "T003",
      "description": "Implement a features section with 3 highlights in index.html.",
      "agent": "CoderAgent",
      "agent_prompt": "Implement a features section in `index_html_hero_section_T002` with 3 highlights. Each highlight should have an icon, title, and a short description. Use dark-themed card styling using Tailwind CSS.",
      "reads": [
        "index_html_hero_section_T002"
      ],
      "writes": [
        "index_html_features_section_T003"
      ],
      "status": "running",
      "output": null,
      "error": null,
      "cost": 0.0,
      "start_time": "2025-07-01T01:44:22.521796",
      "end_time": null,
      "execution_time": 0.0
    },
    {
      "id": "T004",
      "description": "Design a testimonials section with dark cards for index.html.",
      "agent": "CoderAgent",
      "agent_prompt": "Design a testimonials section in `index_html_features_section_T003` with dark cards. Each card should include a quote, author name, and author title. Use dark-themed card styling with Tailwind CSS.",
      "reads": [
        "index_html_features_section_T003"
      ],
      "writes": [
        "index_html_testimonials_section_T004"
      ],
      "status": "running",
      "output": null,
      "error": null,
      "cost": 0.0,
      "start_time": "2025-07-01T01:44:22.527799",
      "end_time": null,
      "execution_time": 0.0
    },
    {
      "id": "T005",
      "description": "Create a call-to-action section for index.html.",
      "agent": "CoderAgent",
      "agent_prompt": "Create a call-to-action section in `index_html_testimonials_section_T004` with a prominent button (e.g., Start Free Trial). Use dark-themed styling with Tailwind CSS.",
      "reads": [
        "index_html_testimonials_section_T004"
      ],
      "writes": [
        "index_html_cta_section_T005"
      ],
      "status": "running",
      "output": null,
      "error": null,
      "cost": 0.0,
      "start_time": "2025-07-01T01:44:22.532805",
      "end_time": null,
      "execution_time": 0.0
    },
    {
      "id": "T006",
      "description": "Add a footer with social icons and links to index.html.",
      "agent": "CoderAgent",
      "agent_prompt": "Add a footer to `index_html_cta_section_T005` with social icons (e.g., Font Awesome, inline SVG) and links. Ensure proper dark-themed styling using Tailwind CSS.",
      "reads": [
        "index_html_cta_section_T005"
      ],
      "writes": [
        "index_html_footer_T006"
      ],
      "status": "running",
      "output": null,
      "error": null,
      "cost": 0.0,
      "start_time": "2025-07-01T01:44:22.538819",
      "end_time": null,
      "execution_time": 0.0
    },
    {
      "id": "T007",
      "description": "Generate the basic HTML structure for about.html with Tailwind CSS and Flowbite CDN.",
      "agent": "CoderAgent",
      "agent_prompt": "Create a basic HTML structure for about.html. Include the necessary Tailwind CSS and Flowbite CDN links in the <head> section. Set up a dark theme using Tailwind CSS classes. Ensure basic meta tags and title are included.",
      "reads": [],
      "writes": [
        "about_html_basic_structure_T007"
      ],
      "status": "running",
      "output": null,
      "error": null,
      "cost": 0.0,
      "start_time": "2025-07-01T01:44:22.543819",
      "end_time": null,
      "execution_time": 0.0
    },
    {
      "id": "T008",
      "description": "Add a mission statement section to about.html.",
      "agent": "CoderAgent",
      "agent_prompt": "Add a mission statement section to `about_html_basic_structure_T007`. Include a heading and a paragraph describing the company's mission. Use dark-themed styling with Tailwind CSS.",
      "reads": [
        "about_html_basic_structure_T007"
      ],
      "writes": [
        "about_html_mission_statement_T008"
      ],
      "status": "running",
      "output": null,
      "error": null,
      "cost": 0.0,
      "start_time": "2025-07-01T01:44:22.549805",
      "end_time": null,
      "execution_time": 0.0
    },
    {
      "id": "T009",
      "description": "Implement a timeline or values section for about.html.",
      "agent": "CoderAgent",
      "agent_prompt": "Implement a timeline or values section in `about_html_mission_statement_T008`. Use a visually appealing timeline or a list of core values with brief descriptions. Use dark-themed styling with Tailwind CSS.",
      "reads": [
        "about_html_mission_statement_T008"
      ],
      "writes": [
        "about_html_timeline_values_T009"
      ],
      "status": "running",
      "output": null,
      "error": null,
      "cost": 0.0,
      "start_time": "2025-07-01T01:44:22.554870",
      "end_time": null,
      "execution_time": 0.0
    },
    {
      "id": "T010",
      "description": "Design team member cards for about.html.",
      "agent": "CoderAgent",
      "agent_prompt": "Design team member cards in `about_html_timeline_values_T009`. Each card should include a team member's photo, name, title, and a short bio. Use dark-themed card styling using Tailwind CSS.",
      "reads": [
        "about_html_timeline_values_T009"
      ],
      "writes": [
        "about_html_team_members_T010"
      ],
      "status": "running",
      "output": null,
      "error": null,
      "cost": 0.0,
      "start_time": "2025-07-01T01:44:22.559803",
      "end_time": null,
      "execution_time": 0.0
    },
    {
      "id": "T011",
      "description": "Generate the basic HTML structure for products.html with Tailwind CSS and Flowbite CDN.",
      "agent": "CoderAgent",
      "agent_prompt": "Create a basic HTML structure for products.html. Include the necessary Tailwind CSS and Flowbite CDN links in the <head> section. Set up a dark theme using Tailwind CSS classes. Ensure basic meta tags and title are included.",
      "reads": [],
      "writes": [
        "products_html_basic_structure_T011"
      ],
      "status": "running",
      "output": null,
      "error": null,
      "cost": 0.0,
      "start_time": "2025-07-01T01:44:22.565814",
      "end_time": null,
      "execution_time": 0.0
    },
    {
      "id": "T012",
      "description": "Implement a grid layout for product/service cards in products.html.",
      "agent": "CoderAgent",
      "agent_prompt": "Implement a grid layout in `products_html_basic_structure_T011` with 6 product/service cards. Each card should have a title, short description, image (from Pexels), and price (if relevant). Use dark-themed card styling using Tailwind CSS.",
      "reads": [
        "products_html_basic_structure_T011"
      ],
      "writes": [
        "products_html_grid_layout_T012"
      ],
      "status": "running",
      "output": null,
      "error": null,
      "cost": 0.0,
      "start_time": "2025-07-01T01:44:22.570804",
      "end_time": null,
      "execution_time": 0.0
    },
    {
      "id": "T013",
      "description": "Add filter or category tags (optional) to products.html.",
      "agent": "CoderAgent",
      "agent_prompt": "Add filter or category tags (optional) to `products_html_grid_layout_T012` using Tailwind CSS. These tags should allow users to filter the products displayed.",
      "reads": [
        "products_html_grid_layout_T012"
      ],
      "writes": [
        "products_html_filters_T013"
      ],
      "status": "running",
      "output": null,
      "error": null,
      "cost": 0.0,
      "start_time": "2025-07-01T01:44:22.576811",
      "end_time": null,
      "execution_time": 0.0
    },
    {
      "id": "T014",
      "description": "Generate the basic HTML structure for contact.html with Tailwind CSS and Flowbite CDN.",
      "agent": "CoderAgent",
      "agent_prompt": "Create a basic HTML structure for contact.html. Include the necessary Tailwind CSS and Flowbite CDN links in the <head> section. Set up a dark theme using Tailwind CSS classes. Ensure basic meta tags and title are included.",
      "reads": [],
      "writes": [
        "contact_html_basic_structure_T014"
      ],
      "status": "running",
      "output": null,
      "error": null,
      "cost": 0.0,
      "start_time": "2025-07-01T01:44:22.581798",
      "end_time": null,
      "execution_time": 0.0
    },
    {
      "id": "T015",
      "description": "Create a contact form with name, email, and message fields for contact.html.",
      "agent": "CoderAgent",
      "agent_prompt": "Create a contact form in `contact_html_basic_structure_T014` with name, email, and message fields. Use Tailwind CSS for styling and ensure proper validation.",
      "reads": [
        "contact_html_basic_structure_T014"
      ],
      "writes": [
        "contact_html_contact_form_T015"
      ],
      "status": "running",
      "output": null,
      "error": null,
      "cost": 0.0,
      "start_time": "2025-07-01T01:44:22.586866",
      "end_time": null,
      "execution_time": 0.0
    },
    {
      "id": "T016",
      "description": "Add a map placeholder or location card to contact.html.",
      "agent": "CoderAgent",
      "agent_prompt": "Add a map placeholder (e.g., using an iframe from Google Maps) or a location card to `contact_html_contact_form_T015`. Include the company's address. Use dark-themed styling with Tailwind CSS.",
      "reads": [
        "contact_html_contact_form_T015"
      ],
      "writes": [
        "contact_html_map_location_T016"
      ],
      "status": "running",
      "output": null,
      "error": null,
      "cost": 0.0,
      "start_time": "2025-07-01T01:44:22.591810",
      "end_time": null,
      "execution_time": 0.0
    },
    {
      "id": "T017",
      "description": "Include email and support links in contact.html.",
      "agent": "CoderAgent",
      "agent_prompt": "Include email and support links in `contact_html_map_location_T016`. Ensure proper styling and link functionality. Use dark-themed styling with Tailwind CSS.",
      "reads": [
        "contact_html_map_location_T016"
      ],
      "writes": [
        "contact_html_support_links_T017"
      ],
      "status": "running",
      "output": null,
      "error": null,
      "cost": 0.0,
      "start_time": "2025-07-01T01:44:22.597805",
      "end_time": null,
      "execution_time": 0.0
    },
    {
      "id": "T018",
      "description": "Integrate shared header in `index.html` by referring to other files.",
      "agent": "CoderAgent",
      "agent_prompt": "Using Tailwind CSS and Flowbite, integrate a common header in `index_html_footer_T006`. Create header with dark theme using links for Home, About, Products and Contact",
      "reads": [
        "index_html_footer_T006"
      ],
      "writes": [
        "index_html_complete_T018"
      ],
      "status": "running",
      "output": null,
      "error": null,
      "cost": 0.0,
      "start_time": "2025-07-01T01:44:22.602864",
      "end_time": null,
      "execution_time": 0.0
    },
    {
      "id": "T019",
      "description": "Integrate shared header in `about.html` by referring to other files.",
      "agent": "CoderAgent",
      "agent_prompt": "Using Tailwind CSS and Flowbite, integrate a common header in `about_html_team_members_T010`. Create header with dark theme using links for Home, About, Products and Contact",
      "reads": [
        "about_html_team_members_T010"
      ],
      "writes": [
        "about_html_complete_T019"
      ],
      "status": "running",
      "output": null,
      "error": null,
      "cost": 0.0,
      "start_time": "2025-07-01T01:44:22.608864",
      "end_time": null,
      "execution_time": 0.0
    },
    {
      "id": "T020",
      "description": "Integrate shared header in `products.html` by referring to other files.",
      "agent": "CoderAgent",
      "agent_prompt": "Using Tailwind CSS and Flowbite, integrate a common header in `products_html_filters_T013`. Create header with dark theme using links for Home, About, Products and Contact",
      "reads": [
        "products_html_filters_T013"
      ],
      "writes": [
        "products_html_complete_T020"
      ],
      "status": "running",
      "output": null,
      "error": null,
      "cost": 0.0,
      "start_time": "2025-07-01T01:44:22.614799",
      "end_time": null,
      "execution_time": 0.0
    },
    {
      "id": "T021",
      "description": "Integrate shared header in `contact.html` by referring to other files.",
      "agent": "CoderAgent",
      "agent_prompt": "Using Tailwind CSS and Flowbite, integrate a common header in `contact_html_support_links_T017`. Create header with dark theme using links for Home, About, Products and Contact",
      "reads": [
        "contact_html_support_links_T017"
      ],
      "writes": [
        "contact_html_complete_T021"
      ],
      "status": "running",
      "output": null,
      "error": null,
      "cost": 0.0,
      "start_time": "2025-07-01T01:44:22.619820",
      "end_time": null,
      "execution_time": 0.0
    },
    {
      "id": "T022",
      "description": "Create a shared footer for all the pages.",
      "agent": "CoderAgent",
      "agent_prompt": "Using Tailwind CSS and Flowbite, create a shared footer with social icons and links to be used across all pages (index.html, about.html, products.html, contact.html) in a dark theme.",
      "reads": [],
      "writes": [
        "shared_footer_T022"
      ],
      "status": "running",
      "output": null,
      "error": null,
      "cost": 0.0,
      "start_time": "2025-07-01T01:44:22.624867",
      "end_time": null,
      "execution_time": 0.0
    },
    {
      "id": "T023",
      "description": "Add shared footer to index.html.",
      "agent": "CoderAgent",
      "agent_prompt": "Using Tailwind CSS and Flowbite, integrate shared footer `shared_footer_T022` in `index_html_complete_T018`.",
      "reads": [
        "shared_footer_T022",
        "index_html_complete_T018"
      ],
      "writes": [
        "index_html_complete_with_footer_T023"
      ],
      "status": "running",
      "output": null,
      "error": null,
      "cost": 0.0,
      "start_time": "2025-07-01T01:44:22.630798",
      "end_time": null,
      "execution_time": 0.0
    },
    {
      "id": "T024",
      "description": "Add shared footer to about.html.",
      "agent": "CoderAgent",
      "agent_prompt": "Using Tailwind CSS and Flowbite, integrate shared footer `shared_footer_T022` in `about_html_complete_T019`.",
      "reads": [
        "shared_footer_T022",
        "about_html_complete_T019"
      ],
      "writes": [
        "about_html_complete_with_footer_T024"
      ],
      "status": "running",
      "output": null,
      "error": null,
      "cost": 0.0,
      "start_time": "2025-07-01T01:44:22.635868",
      "end_time": null,
      "execution_time": 0.0
    },
    {
      "id": "T025",
      "description": "Add shared footer to products.html.",
      "agent": "CoderAgent",
      "agent_prompt": "Using Tailwind CSS and Flowbite, integrate shared footer `shared_footer_T022` in `products_html_complete_T020`.",
      "reads": [
        "shared_footer_T022",
        "products_html_complete_T020"
      ],
      "writes": [
        "products_html_complete_with_footer_T025"
      ],
      "status": "running",
      "output": null,
      "error": null,
      "cost": 0.0,
      "start_time": "2025-07-01T01:44:22.640863",
      "end_time": null,
      "execution_time": 0.0
    },
    {
      "id": "T026",
      "description": "Add shared footer to contact.html.",
      "agent": "CoderAgent",
      "agent_prompt": "Using Tailwind CSS and Flowbite, integrate shared footer `shared_footer_T022` in `contact_html_complete_T021`.",
      "reads": [
        "shared_footer_T022",
        "contact_html_complete_T021"
      ],
      "writes": [
        "contact_html_complete_with_footer_T026"
      ],
      "status": "running",
      "output": null,
      "error": null,
      "cost": 0.0,
      "start_time": "2025-07-01T01:44:22.645800",
      "end_time": null,
      "execution_time": 0.0
    },
    {
      "id": "T027",
      "description": "Summarize index.html file.",
      "agent": "DistillerAgent",
      "agent_prompt": "Create a summary of `index_html_complete_with_footer_T023` file.",
      "reads": [
        "index_html_complete_with_footer_T023"
      ],
      "writes": [
        "index_html_summary_T027"
      ],
      "status": "running",
      "output": null,
      "error": null,
      "cost": 0.0,
      "start_time": "2025-07-01T01:44:22.651805",
      "end_time": null,
      "execution_time": 0.0
    },
    {
      "id": "T028",
      "description": "Summarize about.html file.",
      "agent": "DistillerAgent",
      "agent_prompt": "Create a summary of `about_html_complete_with_footer_T024` file.",
      "reads": [
        "about_html_complete_with_footer_T024"
      ],
      "writes": [
        "about_html_summary_T028"
      ],
      "status": "running",
      "output": null,
      "error": null,
      "cost": 0.0,
      "start_time": "2025-07-01T01:44:22.656868",
      "end_time": null,
      "execution_time": 0.0
    },
    {
      "id": "T029",
      "description": "Summarize products.html file.",
      "agent": "DistillerAgent",
      "agent_prompt": "Create a summary of `products_html_complete_with_footer_T025` file.",
      "reads": [
        "products_html_complete_with_footer_T025"
      ],
      "writes": [
        "products_html_summary_T029"
      ],
      "status": "running",
      "output": null,
      "error": null,
      "cost": 0.0,
      "start_time": "2025-07-01T01:44:22.662812",
      "end_time": null,
      "execution_time": 0.0
    },
    {
      "id": "T030",
      "description": "Summarize contact.html file.",
      "agent": "DistillerAgent",
      "agent_prompt": "Create a summary of `contact_html_complete_with_footer_T026` file.",
      "reads": [
        "contact_html_complete_with_footer_T026"
      ],
      "writes": [
        "contact_html_summary_T030"
      ],
      "status": "running",
      "output": null,
      "error": null,
      "cost": 0.0,
      "start_time": "2025-07-01T01:44:22.667810",
      "end_time": null,
      "execution_time": 0.0
    }
  ],
  "links": [
    {
      "source": "ROOT",
      "target": "T001"
    },
    {
      "source": "ROOT",
      "target": "T002"
    },
    {
      "source": "ROOT",
      "target": "T003"
    },
    {
      "source": "ROOT",
      "target": "T004"
    },
    {
      "source": "ROOT",
      "target": "T005"
    },
    {
      "source": "ROOT",
      "target": "T006"
    },
    {
      "source": "ROOT",
      "target": "T007"
    },
    {
      "source": "ROOT",
      "target": "T008"
    },
    {
      "source": "ROOT",
      "target": "T009"
    },
    {
      "source": "ROOT",
      "target": "T010"
    },
    {
      "source": "ROOT",
      "target": "T011"
    },
    {
      "source": "ROOT",
      "target": "T012"
    },
    {
      "source": "ROOT",
      "target": "T013"
    },
    {
      "source": "ROOT",
      "target": "T014"
    },
    {
      "source": "ROOT",
      "target": "T015"
    },
    {
      "source": "ROOT",
      "target": "T016"
    },
    {
      "source": "ROOT",
      "target": "T017"
    },
    {
      "source": "ROOT",
      "target": "T018"
    },
    {
      "source": "ROOT",
      "target": "T019"
    },
    {
      "source": "ROOT",
      "target": "T020"
    },
    {
      "source": "ROOT",
      "target": "T021"
    },
    {
      "source": "ROOT",
      "target": "T022"
    },
    {
      "source": "ROOT",
      "target": "T023"
    },
    {
      "source": "ROOT",
      "target": "T024"
    },
    {
      "source": "ROOT",
      "target": "T025"
    },
    {
      "source": "ROOT",
      "target": "T026"
    },
    {
      "source": "ROOT",
      "target": "T027"
    },
    {
      "source": "ROOT",
      "target": "T028"
    },
    {
      "source": "ROOT",
      "target": "T029"
    },
    {
      "source": "ROOT",
      "target": "T030"
    }
  ]
}