{
  "directed": true,
  "multigraph": false,
  "graph": {
    "session_id": "51368752",
    "original_query": "I need a 7-day Japan itinerary for April 15-23 from Seattle, with a $2500-5000 budget for my fiancée and me. We love historical sites, hidden gems, and Japanese culture (kendo, tea ceremonies, Zen meditation). We want to see Nara's deer and explore cities on foot. I plan to propose during this trip and need a special location recommendation. Please provide a detailed itinerary and an exhaustive HTML travel handbook with maps, attraction descriptions, essential Japanese phrases, and travel tips we can reference throughout our journey.",
    "file_manifest": [],
    "created_at": "2025-07-01T11:19:12.821433",
    "status": "running",
    "globals_schema": {
      "flight_options_T001": [],
      "total_tokens": 2796.0,
      "accommodation_options_T002": [],
      "attraction_details_T003": [],
      "proposal_location_options_T004": []
    },
    "validation_results": {
      "is_valid": true,
      "is_dag": true,
      "cycles": [],
      "disconnected_components": [],
      "orphaned_nodes": [],
      "root_nodes": [],
      "leaf_nodes": [
        "T008"
      ],
      "warnings": [],
      "errors": []
    },
    "file_profiles": {}
  },
  "nodes": [
    {
      "description": "Initial Query",
      "agent": "System",
      "status": "completed",
      "output": null,
      "error": null,
      "cost": 0.0,
      "start_time": null,
      "end_time": null,
      "execution_time": 0.0,
      "id": "ROOT"
    },
    {
      "id": "T001",
      "description": "Research optimal flight options from Seattle to Japan (round trip) for April 15-23 for two people, considering price and convenience.",
      "agent": "RetrieverAgent",
      "agent_prompt": "Identify the best round-trip flight options from Seattle (SEA) to a major airport in Japan (e.g., NRT, HND) for two adults, departing on April 15th and returning on April 23rd. Prioritize flights that offer a balance of reasonable cost and convenient flight times, and list at least 5 options with airline, flight numbers, layover details, and total price. Consider flights into both Narita (NRT) and Haneda (HND).",
      "reads": [],
      "writes": [
        "flight_options_T001"
      ],
      "status": "completed",
      "output": {
        "flight_options_T001": [],
        "call_self": false,
        "code_variants": {
          "CODE_1A": "results = search_web_with_text_content('round trip flights Seattle to Tokyo April 15 to April 23 2 adults', 8)\nflight_options_T001 = results",
          "CODE_1B": "data = search_web_with_text_content('SEA to NRT flights April 15-23 2 passengers best prices', 6)\nflight_options_T001 = data"
        },
        "cost": 0.00045539999999999996,
        "input_tokens": 2760.0,
        "output_tokens": 69.0,
        "total_tokens": 2829.0,
        "execution_result": null,
        "execution_status": "partial_failure",
        "execution_error": "Code execution failed: All code variants failed. Errors: CODE_1A: NameError: name 'search_web_with_text_content' is not defined; CODE_1B: NameError: name 'search_web_with_text_content' is not defined",
        "execution_time": null,
        "executed_variant": null
      },
      "error": null,
      "cost": 0.00045539999999999996,
      "start_time": "2025-07-01T11:19:12.847632",
      "end_time": "2025-07-01T11:19:17.653496",
      "execution_time": 4.805864,
      "execution_result": {
        "status": "partial_failure",
        "session_id": "51368752",
        "operations": [
          "python_code"
        ],
        "created_files": [],
        "file_results": {},
        "code_results": {
          "status": "failed",
          "result": {},
          "created_files": [],
          "execution_time": 0.002736700000241399,
          "error": "All code variants failed. Errors: CODE_1A: NameError: name 'search_web_with_text_content' is not defined; CODE_1B: NameError: name 'search_web_with_text_content' is not defined",
          "failed_variants": 2,
          "all_errors": [
            "CODE_1A: NameError: name 'search_web_with_text_content' is not defined",
            "CODE_1B: NameError: name 'search_web_with_text_content' is not defined"
          ]
        },
        "total_time": 0.0032910000008996576,
        "error": "Code execution failed: All code variants failed. Errors: CODE_1A: NameError: name 'search_web_with_text_content' is not defined; CODE_1B: NameError: name 'search_web_with_text_content' is not defined"
      },
      "input_tokens": 2760.0,
      "output_tokens": 69.0,
      "total_tokens": 2829.0
    },
    {
      "id": "T002",
      "description": "Research accommodation options in Tokyo, Kyoto, and Nara within the budget, considering historical significance, cultural immersion, and romantic appeal.",
      "agent": "RetrieverAgent",
      "agent_prompt": "Research accommodation options in Tokyo, Kyoto, and Nara, Japan, suitable for a couple with a budget of $2500-5000 for a 7-day trip. Find hotels and Ryokans that offer historical significance, cultural immersion experiences (like traditional gardens or tea rooms), and a romantic atmosphere. List at least three options per city with price ranges and amenities. Consider locations near historical sites and easy access to public transport.",
      "reads": [],
      "writes": [
        "accommodation_options_T002"
      ],
      "status": "completed",
      "output": {
        "accommodation_options_T002": [],
        "call_self": false,
        "code_variants": {
          "CODE_1A": "results = search_web_with_text_content('Tokyo Kyoto Nara Japan hotels ryokans couple romantic historical gardens tea rooms $2500-$5000 7 days near historical sites public transport', 8)\naccommodation_options_T002 = results",
          "CODE_1B": "data = search_web_with_text_content('Tokyo Kyoto Nara romantic ryokan hotels historical cultural experience couple budget 7 days', 6)\naccommodation_options_T002 = data"
        },
        "cost": 0.00046417499999999994,
        "input_tokens": 2758.5,
        "output_tokens": 84.0,
        "total_tokens": 2842.5,
        "execution_result": null,
        "execution_status": "partial_failure",
        "execution_error": "Code execution failed: All code variants failed. Errors: CODE_1A: NameError: name 'search_web_with_text_content' is not defined; CODE_1B: NameError: name 'search_web_with_text_content' is not defined",
        "execution_time": null,
        "executed_variant": null
      },
      "error": null,
      "cost": 0.00046417499999999994,
      "start_time": "2025-07-01T11:19:12.850677",
      "end_time": "2025-07-01T11:19:17.668511",
      "execution_time": 4.817834,
      "execution_result": {
        "status": "partial_failure",
        "session_id": "51368752",
        "operations": [
          "python_code"
        ],
        "created_files": [],
        "file_results": {},
        "code_results": {
          "status": "failed",
          "result": {},
          "created_files": [],
          "execution_time": 0.0020804999949177727,
          "error": "All code variants failed. Errors: CODE_1A: NameError: name 'search_web_with_text_content' is not defined; CODE_1B: NameError: name 'search_web_with_text_content' is not defined",
          "failed_variants": 2,
          "all_errors": [
            "CODE_1A: NameError: name 'search_web_with_text_content' is not defined",
            "CODE_1B: NameError: name 'search_web_with_text_content' is not defined"
          ]
        },
        "total_time": 0.002440199998090975,
        "error": "Code execution failed: All code variants failed. Errors: CODE_1A: NameError: name 'search_web_with_text_content' is not defined; CODE_1B: NameError: name 'search_web_with_text_content' is not defined"
      },
      "input_tokens": 2758.5,
      "output_tokens": 84.0,
      "total_tokens": 2842.5
    },
    {
      "id": "T003",
      "description": "Research specific historical sites, hidden gems, and cultural activities (kendo, tea ceremony, Zen meditation) in Tokyo, Kyoto, and Nara.",
      "agent": "RetrieverAgent",
      "agent_prompt": "Identify specific historical sites, hidden gems, and cultural activities (kendo, tea ceremony, Zen meditation) in Tokyo, Kyoto, and Nara, Japan. For historical sites, include opening hours, admission fees, and brief historical significance. For hidden gems, focus on less-touristy locations with unique appeal. For cultural activities, find options for kendo classes, tea ceremony participation, and Zen meditation sessions. Provide detailed information about each activity, including pricing, location, and booking instructions.",
      "reads": [],
      "writes": [
        "attraction_details_T003"
      ],
      "status": "completed",
      "output": {
        "attraction_details_T003": [],
        "call_self": false,
        "code_variants": {
          "CODE_1A": "results = search_web_with_text_content('historical sites Tokyo Kyoto Nara opening hours admission fees history kendo tea ceremony Zen meditation pricing booking', 8)\nattraction_details_T003 = results",
          "CODE_1B": "data = search_web_with_text_content('hidden gems Tokyo Kyoto Nara less touristy unique cultural activities kendo class tea ceremony Zen meditation session', 6)\nattraction_details_T003 = data"
        },
        "cost": 0.00046574999999999996,
        "input_tokens": 2763.0,
        "output_tokens": 85.5,
        "total_tokens": 2848.5,
        "execution_result": null,
        "execution_status": "partial_failure",
        "execution_error": "Code execution failed: All code variants failed. Errors: CODE_1A: NameError: name 'search_web_with_text_content' is not defined; CODE_1B: NameError: name 'search_web_with_text_content' is not defined",
        "execution_time": null,
        "executed_variant": null
      },
      "error": null,
      "cost": 0.00046574999999999996,
      "start_time": "2025-07-01T11:19:12.853702",
      "end_time": "2025-07-01T11:19:17.683518",
      "execution_time": 4.829816,
      "execution_result": {
        "status": "partial_failure",
        "session_id": "51368752",
        "operations": [
          "python_code"
        ],
        "created_files": [],
        "file_results": {},
        "code_results": {
          "status": "failed",
          "result": {},
          "created_files": [],
          "execution_time": 0.002131699991878122,
          "error": "All code variants failed. Errors: CODE_1A: NameError: name 'search_web_with_text_content' is not defined; CODE_1B: NameError: name 'search_web_with_text_content' is not defined",
          "failed_variants": 2,
          "all_errors": [
            "CODE_1A: NameError: name 'search_web_with_text_content' is not defined",
            "CODE_1B: NameError: name 'search_web_with_text_content' is not defined"
          ]
        },
        "total_time": 0.0025052999990293756,
        "error": "Code execution failed: All code variants failed. Errors: CODE_1A: NameError: name 'search_web_with_text_content' is not defined; CODE_1B: NameError: name 'search_web_with_text_content' is not defined"
      },
      "input_tokens": 2763.0,
      "output_tokens": 85.5,
      "total_tokens": 2848.5
    },
    {
      "id": "T004",
      "description": "Research ideal locations in Japan suitable for a marriage proposal, considering romantic atmosphere, scenic views, and privacy.",
      "agent": "RetrieverAgent",
      "agent_prompt": "Research ideal locations in Japan suitable for a marriage proposal. Focus on locations with a romantic atmosphere, scenic views (e.g., gardens, temples, mountains), and opportunities for privacy. Include specific suggestions in Tokyo, Kyoto, and Nara. Provide details such as best time of day for proposal, accessibility, and permit requirements if any.",
      "reads": [],
      "writes": [
        "proposal_location_options_T004"
      ],
      "status": "completed",
      "output": {
        "proposal_location_options_T004": [],
        "call_self": false,
        "code_variants": {
          "CODE_1A": "results = search_web_with_text_content('romantic proposal locations Japan Tokyo Kyoto Nara', 8)\nproposal_location_options_T004 = results",
          "CODE_1B": "data = search_web_with_text_content('best places to propose in Japan romantic views gardens temples', 6)\nproposal_location_options_T004 = data"
        },
        "cost": 0.0004464,
        "input_tokens": 2736.0,
        "output_tokens": 60.0,
        "total_tokens": 2796.0,
        "execution_result": null,
        "execution_status": "partial_failure",
        "execution_error": "Code execution failed: All code variants failed. Errors: CODE_1A: NameError: name 'search_web_with_text_content' is not defined; CODE_1B: NameError: name 'search_web_with_text_content' is not defined",
        "execution_time": null,
        "executed_variant": null
      },
      "error": null,
      "cost": 0.0004464,
      "start_time": "2025-07-01T11:19:12.856697",
      "end_time": "2025-07-01T11:19:17.698512",
      "execution_time": 4.841815,
      "execution_result": {
        "status": "partial_failure",
        "session_id": "51368752",
        "operations": [
          "python_code"
        ],
        "created_files": [],
        "file_results": {},
        "code_results": {
          "status": "failed",
          "result": {},
          "created_files": [],
          "execution_time": 0.0024006000021472573,
          "error": "All code variants failed. Errors: CODE_1A: NameError: name 'search_web_with_text_content' is not defined; CODE_1B: NameError: name 'search_web_with_text_content' is not defined",
          "failed_variants": 2,
          "all_errors": [
            "CODE_1A: NameError: name 'search_web_with_text_content' is not defined",
            "CODE_1B: NameError: name 'search_web_with_text_content' is not defined"
          ]
        },
        "total_time": 0.002747200007434003,
        "error": "Code execution failed: All code variants failed. Errors: CODE_1A: NameError: name 'search_web_with_text_content' is not defined; CODE_1B: NameError: name 'search_web_with_text_content' is not defined"
      },
      "input_tokens": 2736.0,
      "output_tokens": 60.0,
      "total_tokens": 2796.0
    },
    {
      "id": "T005",
      "description": "Analyze flight options, accommodation details, attraction information, and proposal location recommendations to create a detailed 7-day itinerary.",
      "agent": "ThinkerAgent",
      "agent_prompt": "Analyze the `flight_options_T001`, `accommodation_options_T002`, `attraction_details_T003`, and `proposal_location_options_T004` to create a detailed 7-day Japan itinerary for April 15-23, covering Tokyo, Kyoto, and Nara. Include specific activities for each day, considering travel time between cities and the user's interest in historical sites, hidden gems, and cultural experiences. Allocate budget for activities, accommodation, and transport, ensuring it stays within the $2500-$5000 range. Prioritize walking tours and exploration on foot. Include the suggested proposal location on a suitable day with a romantic setting.",
      "reads": [
        "flight_options_T001",
        "accommodation_options_T002",
        "attraction_details_T003",
        "proposal_location_options_T004"
      ],
      "writes": [
        "detailed_itinerary_T005"
      ],
      "status": "running",
      "output": null,
      "error": null,
      "cost": 0.0,
      "start_time": "2025-07-01T11:19:18.738778",
      "end_time": null,
      "execution_time": 0.0
    },
    {
      "id": "T006",
      "description": "Extract essential Japanese phrases (greetings, directions, basic communication) for tourists and create translations.",
      "agent": "RetrieverAgent",
      "agent_prompt": "Extract a list of essential Japanese phrases useful for tourists, including greetings, directions, phrases for ordering food, asking for help, and basic communication. Provide the phrases in both Japanese (with Romaji transliteration) and English translations.",
      "reads": [],
      "writes": [
        "japanese_phrases_T006"
      ],
      "status": "running",
      "output": null,
      "error": null,
      "cost": 0.0,
      "start_time": "2025-07-01T11:19:18.729766",
      "end_time": null,
      "execution_time": 0.0
    },
    {
      "id": "T007",
      "description": "Research essential travel tips for Japan, including etiquette, transportation, currency, and cultural norms.",
      "agent": "RetrieverAgent",
      "agent_prompt": "Research essential travel tips for visiting Japan, including details on local etiquette, transportation options (trains, subways, buses), currency exchange, tipping practices, and important cultural norms. Include information on using Japan Rail Pass, navigating public transport, and avoiding cultural faux pas.",
      "reads": [],
      "writes": [
        "japan_travel_tips_T007"
      ],
      "status": "running",
      "output": null,
      "error": null,
      "cost": 0.0,
      "start_time": "2025-07-01T11:19:18.733819",
      "end_time": null,
      "execution_time": 0.0
    },
    {
      "id": "T008",
      "description": "Synthesize the itinerary, Japanese phrases, and travel tips into a comprehensive HTML travel handbook with maps and descriptions.",
      "agent": "FormatterAgent",
      "agent_prompt": "Create a comprehensive and exhaustive HTML travel handbook for a 7-day trip to Japan based on `detailed_itinerary_T005`, `japanese_phrases_T006`, and `japan_travel_tips_T007`. The handbook should include: \n\n1.  A detailed day-by-day itinerary with activity descriptions, maps, transportation guidance, and estimated costs. Highlight the proposal location within the itinerary. \n2.  A section with essential Japanese phrases with English translations. \n3.  A section with key travel tips related to etiquette, transport, money, and culture.  \n4.  Visually appealing design and clear organization for easy navigation and readability. \n5. Include detailed maps and images for each attraction and location.",
      "reads": [
        "detailed_itinerary_T005",
        "japanese_phrases_T006",
        "japan_travel_tips_T007"
      ],
      "writes": [
        "html_travel_handbook_T008"
      ],
      "status": "pending",
      "output": null,
      "error": null,
      "cost": 0.0,
      "start_time": null,
      "end_time": null,
      "execution_time": 0.0
    }
  ],
  "links": [
    {
      "source": "ROOT",
      "target": "T001"
    },
    {
      "source": "ROOT",
      "target": "T002"
    },
    {
      "source": "ROOT",
      "target": "T003"
    },
    {
      "source": "ROOT",
      "target": "T004"
    },
    {
      "source": "ROOT",
      "target": "T006"
    },
    {
      "source": "ROOT",
      "target": "T007"
    },
    {
      "source": "T001",
      "target": "T005"
    },
    {
      "source": "T002",
      "target": "T005"
    },
    {
      "source": "T003",
      "target": "T005"
    },
    {
      "source": "T004",
      "target": "T005"
    },
    {
      "source": "T005",
      "target": "T008"
    },
    {
      "source": "T006",
      "target": "T008"
    },
    {
      "source": "T007",
      "target": "T008"
    }
  ]
}