{
  "directed": true,
  "multigraph": false,
  "graph": {
    "session_id": "51353641",
    "original_query": "Create a dark-themed, modern multi-page landing website using Flowbite + Tailwind CSS via CDN (no build tools), with 4 pages: index.html (hero with fullscreen background image from picsum.photos (to get 200x300 image use: https://picsum.photos/200/300) or placeholder.com, features, testimonials, CTA, footer with social icons), about.html (mission statement, timeline or values, team cards), products.html (6–8 product/service cards in a grid with title, description, image, price, optional filters), and contact.html (contact form with name/email/message, map placeholder or location card, support links), using consistent dark mode theme, responsive layout, shared header/footer, no lorem ipsum, proper meta tags and titles, and only HTML/CSS/JS. Call CoderAgent atleast 9-10 times for different exhaustive but specific tasks as this is a detailed project. Remember CoderAgent is stateless and can't see other outputs. So you will have to be very specific. Make sure it actually LINKS all the generated file properly in ALL headers.",
    "file_manifest": [],
    "created_at": "2025-07-01T07:07:21.875080",
    "status": "running",
    "globals_schema": {
      "code_step_T001": "media/generated/51353641/index.html",
      "execution_result_T001": "Created a basic HTML structure with Tailwind CSS and Flowbite CDN links, applying a dark theme.",
      "index_html_direct": "media/generated/51353641/index.html",
      "index.html": "media/generated/51353641/index.html",
      "total_tokens": 2728.7,
      "code_step_T007": "about.html, products.html, contact.html",
      "execution_result_T007": "Created three HTML files (about.html, products.html, contact.html) with basic structure, meta tags, dark theme, Tailwind CSS, and Flowbite via CDN.",
      "about_html_direct": "media/generated/51353641/about.html",
      "about.html": "media/generated/51353641/about.html",
      "products_html_direct": "media/generated/51353641/products.html",
      "products.html": "media/generated/51353641/products.html",
      "contact_html_direct": "media/generated/51353641/contact.html",
      "contact.html": "media/generated/51353641/contact.html",
      "code_step_T002": "media/generated/51353641/index.html",
      "execution_result_T002": "Created hero section with fullscreen background image, overlay, text content, and dark theme CTA button linked to contact.html, all styled with Tailwind CSS. Ensure the content is centered and visually appealing.",
      "code_step_T003": "media/generated/51353641/features.html",
      "execution_result_T003": "Created a responsive features section with 3 feature cards, icons from Font Awesome, titles, descriptions, and Tailwind CSS styling for dark theme.  Features a grid layout that adapts to different screen sizes.",
      "features_html_direct": "media/generated/51353641/features.html",
      "features.html": "media/generated/51353641/features.html",
      "code_step_T004": "media/generated/51353641/testimonials.html",
      "execution_result_T004": "Created testimonials section with 3 testimonial cards using Tailwind CSS for dark theme, ready to be integrated into index.html",
      "testimonials_html_direct": "media/generated/51353641/testimonials.html",
      "testimonials.html": "media/generated/51353641/testimonials.html",
      "code_step_T005": "media/generated/51353641/footer.html",
      "execution_result_T005": "Created a detailed footer section with social media icons, links to other pages, and copyright information, styled with Tailwind CSS classes for the dark theme.",
      "footer_html_direct": "media/generated/51353641/footer.html",
      "footer.html": "media/generated/51353641/footer.html"
    },
    "validation_results": {
      "is_valid": true,
      "is_dag": true,
      "cycles": [],
      "disconnected_components": [],
      "orphaned_nodes": [],
      "root_nodes": [],
      "leaf_nodes": [
        "T006",
        "T017"
      ],
      "warnings": [],
      "errors": []
    },
    "file_profiles": {}
  },
  "nodes": [
    {
      "description": "Initial Query",
      "agent": "System",
      "status": "completed",
      "output": null,
      "error": null,
      "cost": 0.0,
      "start_time": null,
      "end_time": null,
      "execution_time": 0.0,
      "id": "ROOT"
    },
    {
      "id": "T001",
      "description": "Generate the base HTML structure for index.html using Flowbite and Tailwind CSS CDN, including dark theme setup.",
      "agent": "CoderAgent",
      "agent_prompt": "Create a detailed HTML file named index.html. Use Flowbite and Tailwind CSS via CDN for styling. Implement a dark theme. Include basic HTML structure (doctype, html, head, body). Add meta tags for responsiveness and viewport settings. Set the title to 'Modern Dark Theme Landing Page'. Link Tailwind CSS and Flowbite CSS via CDN. Add an empty header and footer section. Ensure the dark theme is applied correctly using Tailwind CSS dark mode classes. Do NOT add any actual content inside the header and body, this will be implemented later.",
      "reads": [],
      "writes": [
        "code_step_T001",
        "execution_result_T001"
      ],
      "status": "completed",
      "output": {
        "files": {
          "index.html": "<!DOCTYPE html><html lang=\"en\" class=\"dark\"><head><meta charset=\"UTF-8\"><meta name=\"viewport\" content=\"width=device-width, initial-scale=1.0\"><title>Modern Dark Theme Landing Page</title><link href=\"https://cdn.jsdelivr.net/npm/tailwindcss@2.2.19/dist/tailwind.min.css\" rel=\"stylesheet\"><link href=\"https://cdnjs.cloudflare.com/ajax/libs/flowbite/2.3.0/flowbite.min.css\" rel=\"stylesheet\" /></head><body class=\"bg-gray-900 text-white\"><header class=\"dark:bg-gray-800 dark:text-white\"></header><main></main><footer class=\"dark:bg-gray-800 dark:text-white\"></footer><script src=\"https://cdnjs.cloudflare.com/ajax/libs/flowbite/2.3.0/flowbite.min.js\"></script></body></html>"
        },
        "code_step_T001": "index.html",
        "execution_result_T001": "Created a basic HTML structure with Tailwind CSS and Flowbite CDN links, applying a dark theme.",
        "call_self": false,
        "cost": 0.028444000000000004,
        "input_tokens": 2637.7000000000003,
        "output_tokens": 68.9,
        "total_tokens": 2706.6000000000004,
        "execution_result": null,
        "execution_status": "success",
        "execution_error": null,
        "execution_time": null,
        "executed_variant": null
      },
      "error": null,
      "cost": 0.028444000000000004,
      "start_time": "2025-07-01T07:07:21.918075",
      "end_time": "2025-07-01T07:07:28.336799",
      "execution_time": 6.418724,
      "execution_result": {
        "status": "success",
        "session_id": "51353641",
        "operations": [
          "direct_files"
        ],
        "created_files": [
          "media\\generated\\51353641\\index.html"
        ],
        "file_results": {
          "created_files": [
            "media\\generated\\51353641\\index.html"
          ],
          "file_count": 1,
          "total_size": 670,
          "status": "success",
          "errors": [],
          "execution_time": 0.0023474999907193705
        },
        "code_results": {},
        "total_time": 0.0036734000022988766,
        "error": null
      },
      "input_tokens": 2637.7000000000003,
      "output_tokens": 68.9,
      "total_tokens": 2706.6000000000004
    },
    {
      "id": "T002",
      "description": "Create the hero section for index.html with a fullscreen background image and a call to action.",
      "agent": "CoderAgent",
      "agent_prompt": "Enhance the index.html file (code_step_T001) with a hero section. Use a fullscreen background image from https://picsum.photos/200/300.  Add an overlay to darken the image for better text readability.  Include a heading, a short descriptive paragraph, and a call-to-action button (CTA) linked to the contact page.  Use Tailwind CSS classes for styling (text color, font size, button appearance, spacing, alignment). Ensure the content is centered and visually appealing. Remember the file is to be named index.html and link to contact.html page. Only generate the HTML for the hero section, I'll be linking it back later. The button should have a dark theme.",
      "reads": [
        "code_step_T001"
      ],
      "writes": [
        "code_step_T002",
        "execution_result_T002"
      ],
      "status": "completed",
      "output": {
        "files": {
          "index.html": "<section class=\"relative bg-cover bg-center h-screen flex items-center justify-center\" style=\"background-image: url('https://picsum.photos/200/300');\"><div class=\"absolute inset-0 bg-black opacity-60\"></div><div class=\"container mx-auto text-center relative z-10\"><h1 class=\"text-5xl font-bold text-white mb-4\">Welcome to Our Website</h1><p class=\"text-lg text-gray-300 mb-8\">Discover amazing things with us.</p><a href=\"contact.html\" class=\"bg-gray-800 hover:bg-gray-700 text-white font-bold py-3 px-8 rounded shadow-lg\">Contact Us</a></div></section>"
        },
        "code_step_T002": "index.html",
        "execution_result_T002": "Created hero section with fullscreen background image, overlay, text content, and dark theme CTA button linked to contact.html, all styled with Tailwind CSS. Ensure the content is centered and visually appealing.",
        "call_self": false,
        "cost": 0.029939,
        "input_tokens": 2654.6,
        "output_tokens": 113.10000000000001,
        "total_tokens": 2767.7,
        "execution_result": null,
        "execution_status": "success",
        "execution_error": null,
        "execution_time": null,
        "executed_variant": null
      },
      "error": null,
      "cost": 0.029939,
      "start_time": "2025-07-01T07:07:28.419806",
      "end_time": "2025-07-01T07:07:34.753277",
      "execution_time": 6.333471,
      "execution_result": {
        "status": "success",
        "session_id": "51353641",
        "operations": [
          "direct_files"
        ],
        "created_files": [
          "media\\generated\\51353641\\index.html"
        ],
        "file_results": {
          "created_files": [
            "media\\generated\\51353641\\index.html"
          ],
          "file_count": 1,
          "total_size": 552,
          "status": "success",
          "errors": [],
          "execution_time": 0.0021394000068539754
        },
        "code_results": {},
        "total_time": 0.0034451000101398677,
        "error": null
      },
      "input_tokens": 2654.6,
      "output_tokens": 113.10000000000001,
      "total_tokens": 2767.7
    },
    {
      "id": "T003",
      "description": "Implement the features section in index.html with icon, title and description.",
      "agent": "CoderAgent",
      "agent_prompt": "Add a features section to index.html (code_step_T001).  Include 3-4 feature cards. Each card should have an icon (choose relevant icons from Flowbite or Font Awesome), a title, and a short descriptive paragraph.  Use Tailwind CSS classes for styling (card appearance, icon color, text color, spacing, alignment). Ensure the features are displayed in a visually appealing manner, preferably using a grid layout. Only generate the HTML for the feature cards section, I'll be linking it back later. Ensure dark theme styles are applied. Make sure this grid scales well on smaller screens. Each feature needs a title, description, and a Font Awesome icon.",
      "reads": [
        "code_step_T001"
      ],
      "writes": [
        "code_step_T003",
        "execution_result_T003"
      ],
      "status": "completed",
      "output": {
        "files": {
          "features.html": "<section id=\"features\" class=\"py-12 bg-gray-800 text-white\"><div class=\"container mx-auto\"><h2 class=\"text-3xl font-semibold text-center mb-8\">Key Features</h2><div class=\"grid grid-cols-1 md:grid-cols-2 lg:grid-cols-3 gap-8\"><div class=\"feature-card p-6 rounded-lg shadow-md bg-gray-700\"><i class=\"fas fa-rocket fa-3x text-blue-500 mb-4\"></i><h3 class=\"text-xl font-semibold mb-2\">Blazing Fast</h3><p>Experience lightning-fast performance with our optimized infrastructure.</p></div><div class=\"feature-card p-6 rounded-lg shadow-md bg-gray-700\"><i class=\"fas fa-lock fa-3x text-green-500 mb-4\"></i><h3 class=\"text-xl font-semibold mb-2\">Unbreakable Security</h3><p>Protect your data with our advanced encryption and security protocols.</p></div><div class=\"feature-card p-6 rounded-lg shadow-md bg-gray-700\"><i class=\"fas fa-chart-line fa-3x text-purple-500 mb-4\"></i><h3 class=\"text-xl font-semibold mb-2\">Real-Time Analytics</h3><p>Gain valuable insights with our real-time data analytics dashboard.</p></div><div class=\"feature-card p-6 rounded-lg shadow-md bg-gray-700 hidden lg:block\"><i class=\"fas fa-code fa-3x text-yellow-500 mb-4\"></i><h3 class=\"text-xl font-semibold mb-2\">Clean Code</h3><p>Well designed and easy to understand code</p></div></div></div></section>"
        },
        "code_step_T003": "features.html",
        "execution_result_T003": "Created a responsive features section with 3 feature cards, icons from Font Awesome, titles, descriptions, and Tailwind CSS styling for dark theme.  Features a grid layout that adapts to different screen sizes.",
        "call_self": false,
        "cost": 0.03238300000000001,
        "input_tokens": 2657.2000000000003,
        "output_tokens": 193.70000000000002,
        "total_tokens": 2850.9,
        "execution_result": null,
        "execution_status": "success",
        "execution_error": null,
        "execution_time": null,
        "executed_variant": null
      },
      "error": null,
      "cost": 0.03238300000000001,
      "start_time": "2025-07-01T07:07:28.424859",
      "end_time": "2025-07-01T07:07:34.782278",
      "execution_time": 6.357419,
      "execution_result": {
        "status": "success",
        "session_id": "51353641",
        "operations": [
          "direct_files"
        ],
        "created_files": [
          "media\\generated\\51353641\\features.html"
        ],
        "file_results": {
          "created_files": [
            "media\\generated\\51353641\\features.html"
          ],
          "file_count": 1,
          "total_size": 1276,
          "status": "success",
          "errors": [],
          "execution_time": 0.002111900001182221
        },
        "code_results": {},
        "total_time": 0.0031995999888749793,
        "error": null
      },
      "input_tokens": 2657.2000000000003,
      "output_tokens": 193.70000000000002,
      "total_tokens": 2850.9
    },
    {
      "id": "T004",
      "description": "Develop the testimonials section for index.html including client review cards.",
      "agent": "CoderAgent",
      "agent_prompt": "Create a testimonials section in index.html (code_step_T001). Include 2-3 testimonial cards. Each card should contain a client's quote, their name, and a small profile picture (use placeholder images if necessary). Use Tailwind CSS classes for styling (card appearance, text color, spacing, alignment). Consider using a slider or carousel for displaying the testimonials. Only generate the HTML for the testimonials section, I'll be linking it back later. Ensure dark theme styles are applied.",
      "reads": [
        "code_step_T001"
      ],
      "writes": [
        "code_step_T004",
        "execution_result_T004"
      ],
      "status": "completed",
      "output": {
        "files": {
          "testimonials.html": "<section id=\"testimonials\" class=\"py-12 bg-gray-800 text-white\"><div class=\"container mx-auto\"><h2 class=\"text-3xl font-semibold text-center mb-8\">Testimonials</h2><div class=\"grid grid-cols-1 md:grid-cols-2 lg:grid-cols-3 gap-8\"><div class=\"bg-gray-700 rounded-lg p-6\"><img src=\"https://via.placeholder.com/50\" alt=\"Client 1\" class=\"w-12 h-12 rounded-full mb-4\"><p class=\"italic text-gray-300 mb-4\">\"This service has been a game-changer for our business. Highly recommended!\"</p><p class=\"font-semibold\">- John Doe, CEO</p></div><div class=\"bg-gray-700 rounded-lg p-6\"><img src=\"https://via.placeholder.com/50\" alt=\"Client 2\" class=\"w-12 h-12 rounded-full mb-4\"><p class=\"italic text-gray-300 mb-4\">\"Incredible value and outstanding customer support. Couldn't be happier.\"</p><p class=\"font-semibold\">- Jane Smith, Marketing Manager</p></div><div class=\"bg-gray-700 rounded-lg p-6\"><img src=\"https://via.placeholder.com/50\" alt=\"Client 3\" class=\"w-12 h-12 rounded-full mb-4\"><p class=\"italic text-gray-300 mb-4\">\"The best investment we've made. It has streamlined our workflow significantly.\"</p><p class=\"font-semibold\">- Peter Jones, CTO</p></div></div></div></section>"
        },
        "code_step_T004": "testimonials.html",
        "execution_result_T004": "Created testimonials section with 3 testimonial cards using Tailwind CSS for dark theme, ready to be integrated into index.html",
        "call_self": false,
        "cost": 0.031174000000000004,
        "input_tokens": 2618.2000000000003,
        "output_tokens": 166.4,
        "total_tokens": 2784.6000000000004,
        "execution_result": null,
        "execution_status": "success",
        "execution_error": null,
        "execution_time": null,
        "executed_variant": null
      },
      "error": null,
      "cost": 0.031174000000000004,
      "start_time": "2025-07-01T07:07:28.429856",
      "end_time": "2025-07-01T07:07:34.812333",
      "execution_time": 6.382477,
      "execution_result": {
        "status": "success",
        "session_id": "51353641",
        "operations": [
          "direct_files"
        ],
        "created_files": [
          "media\\generated\\51353641\\testimonials.html"
        ],
        "file_results": {
          "created_files": [
            "media\\generated\\51353641\\testimonials.html"
          ],
          "file_count": 1,
          "total_size": 1172,
          "status": "success",
          "errors": [],
          "execution_time": 0.0021403999999165535
        },
        "code_results": {},
        "total_time": 0.0032183000002987683,
        "error": null
      },
      "input_tokens": 2618.2000000000003,
      "output_tokens": 166.4,
      "total_tokens": 2784.6000000000004
    },
    {
      "id": "T005",
      "description": "Create the footer for index.html with social icons, links, and copyright information.",
      "agent": "CoderAgent",
      "agent_prompt": "Design a detailed footer section for index.html (code_step_T001). Include social media icons (use Font Awesome or Flowbite icons), links to other pages (about, products, contact), and copyright information. Use Tailwind CSS classes for styling (background color, text color, spacing, alignment). Ensure the footer is consistent with the overall dark theme. Only generate the HTML for the footer section, I'll be linking it back later. Make sure the footer links correctly to other pages.",
      "reads": [
        "code_step_T001"
      ],
      "writes": [
        "code_step_T005",
        "execution_result_T005"
      ],
      "status": "completed",
      "output": {
        "files": {
          "footer.html": "<footer class=\"dark:bg-gray-800 dark:text-white bg-gray-800 text-white py-8\"><div class=\"container mx-auto text-center\"><div class=\"mb-4\"><a href=\"/about\" class=\"mx-2 hover:text-gray-300\">About</a><a href=\"/products\" class=\"mx-2 hover:text-gray-300\">Products</a><a href=\"/contact\" class=\"mx-2 hover:text-gray-300\">Contact</a></div><div class=\"mb-4\"><a href=\"#\" class=\"mx-2\"><i class=\"fab fa-facebook hover:text-gray-300\"></i></a><a href=\"#\" class=\"mx-2\"><i class=\"fab fa-twitter hover:text-gray-300\"></i></a><a href=\"#\" class=\"mx-2\"><i class=\"fab fa-instagram hover:text-gray-300\"></i></a><a href=\"#\" class=\"mx-2\"><i class=\"fab fa-linkedin hover:text-gray-300\"></i></a></div><p>&copy; 2024 My Website. All rights reserved.</p></div></footer>"
        },
        "code_step_T005": "footer.html",
        "execution_result_T005": "Created a detailed footer section with social media icons, links to other pages, and copyright information, styled with Tailwind CSS classes for the dark theme.",
        "call_self": false,
        "cost": 0.029471000000000004,
        "input_tokens": 2619.5,
        "output_tokens": 109.2,
        "total_tokens": 2728.7,
        "execution_result": null,
        "execution_status": "success",
        "execution_error": null,
        "execution_time": null,
        "executed_variant": null
      },
      "error": null,
      "cost": 0.029471000000000004,
      "start_time": "2025-07-01T07:07:28.434805",
      "end_time": "2025-07-01T07:07:34.846279",
      "execution_time": 6.411474,
      "execution_result": {
        "status": "success",
        "session_id": "51353641",
        "operations": [
          "direct_files"
        ],
        "created_files": [
          "media\\generated\\51353641\\footer.html"
        ],
        "file_results": {
          "created_files": [
            "media\\generated\\51353641\\footer.html"
          ],
          "file_count": 1,
          "total_size": 741,
          "status": "success",
          "errors": [],
          "execution_time": 0.0054388999997172505
        },
        "code_results": {},
        "total_time": 0.006636399994022213,
        "error": null
      },
      "input_tokens": 2619.5,
      "output_tokens": 109.2,
      "total_tokens": 2728.7
    },
    {
      "id": "T006",
      "description": "Assemble the complete index.html page by combining the generated sections and ensuring proper linking.",
      "agent": "CoderAgent",
      "agent_prompt": "Combine the HTML code from the following steps into a single, complete, and well-formatted HTML file named index.html: code_step_T001 (base structure), code_step_T002 (hero section), code_step_T003 (features section), code_step_T004 (testimonials section), and code_step_T005 (footer section). Ensure that all sections are properly integrated and styled to maintain a consistent dark theme using Tailwind CSS and Flowbite. All assets and links MUST be linked locally in order for the other assets to load. Create the full html file including head and body. This is the MOST IMPORTANT task. Ensure the dark theme is consistent across all sections. Make sure the links (hero, footer, header) links to the correct pages.",
      "reads": [
        "code_step_T001",
        "code_step_T002",
        "code_step_T003",
        "code_step_T004",
        "code_step_T005"
      ],
      "writes": [
        "code_step_T006",
        "execution_result_T006"
      ],
      "status": "pending",
      "output": null,
      "error": null,
      "cost": 0.0,
      "start_time": null,
      "end_time": null,
      "execution_time": 0.0
    },
    {
      "id": "T007",
      "description": "Generate the base HTML structure for about.html, products.html, and contact.html pages with dark theme and CDN links.",
      "agent": "CoderAgent",
      "agent_prompt": "Create three detailed HTML files: about.html, products.html, and contact.html. Use Flowbite and Tailwind CSS via CDN for styling and implement a dark theme. Include basic HTML structure (doctype, html, head, body). Add meta tags for responsiveness and viewport settings. Set appropriate titles for each page ('About Us', 'Products', 'Contact'). Link Tailwind CSS and Flowbite CSS via CDN. Add empty header and footer sections. Ensure the dark theme is applied correctly using Tailwind CSS dark mode classes. Do NOT add any actual content inside the header and body, this will be implemented later.",
      "reads": [],
      "writes": [
        "code_step_T007",
        "execution_result_T007"
      ],
      "status": "completed",
      "output": {
        "files": {
          "about.html": "<!DOCTYPE html><html lang=\"en\"><head><meta charset=\"UTF-8\"><meta name=\"viewport\" content=\"width=device-width, initial-scale=1.0\"><title>About Us</title><link href=\"https://cdn.jsdelivr.net/npm/tailwindcss@2.2.19/dist/tailwind.min.css\" rel=\"stylesheet\"><link href=\"https://cdnjs.cloudflare.com/ajax/libs/flowbite/2.3.0/flowbite.min.css\" rel=\"stylesheet\" /></head><body class=\"bg-gray-900 text-white dark:bg-gray-900 dark:text-white\"><header></header><main></main><footer></footer><script src=\"https://cdnjs.cloudflare.com/ajax/libs/flowbite/2.3.0/flowbite.min.js\"></script></body></html>",
          "products.html": "<!DOCTYPE html><html lang=\"en\"><head><meta charset=\"UTF-8\"><meta name=\"viewport\" content=\"width=device-width, initial-scale=1.0\"><title>Products</title><link href=\"https://cdn.jsdelivr.net/npm/tailwindcss@2.2.19/dist/tailwind.min.css\" rel=\"stylesheet\"><link href=\"https://cdnjs.cloudflare.com/ajax/libs/flowbite/2.3.0/flowbite.min.css\" rel=\"stylesheet\" /></head><body class=\"bg-gray-900 text-white dark:bg-gray-900 dark:text-white\"><header></header><main></main><footer></footer><script src=\"https://cdnjs.cloudflare.com/ajax/libs/flowbite/2.3.0/flowbite.min.js\"></script></body></html>",
          "contact.html": "<!DOCTYPE html><html lang=\"en\"><head><meta charset=\"UTF-8\"><meta name=\"viewport\" content=\"width=device-width, initial-scale=1.0\"><title>Contact</title><link href=\"https://cdn.jsdelivr.net/npm/tailwindcss@2.2.19/dist/tailwind.min.css\" rel=\"stylesheet\"><link href=\"https://cdnjs.cloudflare.com/ajax/libs/flowbite/2.3.0/flowbite.min.css\" rel=\"stylesheet\" /></head><body class=\"bg-gray-900 text-white dark:bg-gray-900 dark:text-white\"><header></header><main></main><footer></footer><script src=\"https://cdnjs.cloudflare.com/ajax/libs/flowbite/2.3.0/flowbite.min.js\"></script></body></html>"
        },
        "code_step_T007": "about.html, products.html, contact.html",
        "execution_result_T007": "Created three HTML files (about.html, products.html, contact.html) with basic structure, meta tags, dark theme, Tailwind CSS, and Flowbite via CDN.",
        "call_self": false,
        "cost": 0.029887000000000004,
        "input_tokens": 2641.6,
        "output_tokens": 115.7,
        "total_tokens": 2757.2999999999997,
        "execution_result": null,
        "execution_status": "success",
        "execution_error": null,
        "execution_time": null,
        "executed_variant": null
      },
      "error": null,
      "cost": 0.029887000000000004,
      "start_time": "2025-07-01T07:07:21.923077",
      "end_time": "2025-07-01T07:07:28.366855",
      "execution_time": 6.443778,
      "execution_result": {
        "status": "success",
        "session_id": "51353641",
        "operations": [
          "direct_files"
        ],
        "created_files": [
          "media\\generated\\51353641\\about.html",
          "media\\generated\\51353641\\products.html",
          "media\\generated\\51353641\\contact.html"
        ],
        "file_results": {
          "created_files": [
            "media\\generated\\51353641\\about.html",
            "media\\generated\\51353641\\products.html",
            "media\\generated\\51353641\\contact.html"
          ],
          "file_count": 3,
          "total_size": 1757,
          "status": "success",
          "errors": [],
          "execution_time": 0.004474999994272366
        },
        "code_results": {},
        "total_time": 0.005447100003948435,
        "error": null
      },
      "input_tokens": 2641.6,
      "output_tokens": 115.7,
      "total_tokens": 2757.2999999999997
    },
    {
      "id": "T008",
      "description": "Implement the header to be shared across the website, and ensure proper linking across all 4 pages.",
      "agent": "CoderAgent",
      "agent_prompt": "Create a reusable header section that will be included in all four HTML files (index.html (code_step_T006), about.html, products.html, and contact.html (code_step_T007)). The header should include the website logo, navigation links to each of the four pages, and a consistent dark theme styling using Tailwind CSS. Ensure that the links point to the correct HTML files: index.html, about.html, products.html, and contact.html.  Generate the HTML for the header section only. Each file MUST be linked locally. Remember to link the files with `./about.html` and not `/about.html`. The pages must be in the same directory!",
      "reads": [
        "code_step_T006",
        "code_step_T007"
      ],
      "writes": [
        "code_step_T008",
        "execution_result_T008"
      ],
      "status": "running",
      "output": null,
      "error": null,
      "cost": 0.0,
      "start_time": "2025-07-01T07:07:35.907056",
      "end_time": null,
      "execution_time": 0.0
    },
    {
      "id": "T009",
      "description": "Implement the mission statement and timeline/values sections within about.html.",
      "agent": "CoderAgent",
      "agent_prompt": "Enhance the about.html file (code_step_T007) with a mission statement section and a timeline or values section. The mission statement should clearly articulate the company's purpose. The timeline or values section should present the company's history or core values in a visually appealing manner. Use Tailwind CSS classes for styling (text color, font size, spacing, alignment). Ensure the dark theme styles are applied. Generate the HTML for these two sections only.",
      "reads": [
        "code_step_T007"
      ],
      "writes": [
        "code_step_T009",
        "execution_result_T009"
      ],
      "status": "running",
      "output": null,
      "error": null,
      "cost": 0.0,
      "start_time": "2025-07-01T07:07:35.914055",
      "end_time": null,
      "execution_time": 0.0
    },
    {
      "id": "T010",
      "description": "Implement the team cards section within about.html to display team member information.",
      "agent": "CoderAgent",
      "agent_prompt": "Add a team cards section to about.html (code_step_T007).  Include 2-3 team member cards. Each card should have a team member's name, job title, a brief bio, and a profile picture (use placeholder images if necessary). Use Tailwind CSS classes for styling (card appearance, text color, spacing, alignment). Ensure dark theme styles are applied. Generate the HTML for the team cards section only.",
      "reads": [
        "code_step_T007"
      ],
      "writes": [
        "code_step_T010",
        "execution_result_T010"
      ],
      "status": "running",
      "output": null,
      "error": null,
      "cost": 0.0,
      "start_time": "2025-07-01T07:07:35.920053",
      "end_time": null,
      "execution_time": 0.0
    },
    {
      "id": "T011",
      "description": "Assemble the complete about.html page by integrating the header, mission, timeline, and team sections.",
      "agent": "CoderAgent",
      "agent_prompt": "Combine the HTML code from the following steps into a single, complete, and well-formatted HTML file named about.html: code_step_T007 (base structure), code_step_T008 (header section), code_step_T009 (mission and timeline sections), and code_step_T010 (team cards section). Ensure that all sections are properly integrated and styled to maintain a consistent dark theme using Tailwind CSS and Flowbite. Ensure correct file path links to make sure they load properly.",
      "reads": [
        "code_step_T007",
        "code_step_T008",
        "code_step_T009",
        "code_step_T010"
      ],
      "writes": [
        "code_step_T011",
        "execution_result_T011"
      ],
      "status": "pending",
      "output": null,
      "error": null,
      "cost": 0.0,
      "start_time": null,
      "end_time": null,
      "execution_time": 0.0
    },
    {
      "id": "T012",
      "description": "Create the product/service cards section for products.html, displaying 6-8 cards in a grid.",
      "agent": "CoderAgent",
      "agent_prompt": "Design a product/service cards section for products.html (code_step_T007). Display 6-8 product/service cards in a grid layout. Each card should have a title, a short description, an image (use placeholder images if necessary), a price, and optional filters. Use Tailwind CSS classes for styling (card appearance, text color, spacing, alignment). Ensure the cards are responsive and visually appealing. Only generate the HTML for the product cards section, I'll be linking it back later. Do not use Lorem Ipsum text. Make sure it scales well on smaller devices.",
      "reads": [
        "code_step_T007"
      ],
      "writes": [
        "code_step_T012",
        "execution_result_T012"
      ],
      "status": "running",
      "output": null,
      "error": null,
      "cost": 0.0,
      "start_time": "2025-07-01T07:07:35.926047",
      "end_time": null,
      "execution_time": 0.0
    },
    {
      "id": "T013",
      "description": "Assemble the complete products.html page by integrating the header and product cards sections.",
      "agent": "CoderAgent",
      "agent_prompt": "Combine the HTML code from the following steps into a single, complete, and well-formatted HTML file named products.html: code_step_T007 (base structure), code_step_T008 (header section), and code_step_T012 (product/service cards section). Ensure that all sections are properly integrated and styled to maintain a consistent dark theme using Tailwind CSS and Flowbite. Ensure correct file path links to make sure they load properly.",
      "reads": [
        "code_step_T007",
        "code_step_T008",
        "code_step_T012"
      ],
      "writes": [
        "code_step_T013",
        "execution_result_T013"
      ],
      "status": "pending",
      "output": null,
      "error": null,
      "cost": 0.0,
      "start_time": null,
      "end_time": null,
      "execution_time": 0.0
    },
    {
      "id": "T014",
      "description": "Implement the contact form in contact.html with name, email, and message fields.",
      "agent": "CoderAgent",
      "agent_prompt": "Create a contact form in contact.html (code_step_T007). Include fields for name, email, and message. Use Tailwind CSS classes for styling (form appearance, text color, spacing, alignment).  Generate the HTML for the contact form only. Ensure dark theme styles are applied.",
      "reads": [
        "code_step_T007"
      ],
      "writes": [
        "code_step_T014",
        "execution_result_T014"
      ],
      "status": "pending",
      "output": null,
      "error": null,
      "cost": 0.0,
      "start_time": null,
      "end_time": null,
      "execution_time": 0.0
    },
    {
      "id": "T015",
      "description": "Add a map placeholder or location card and support links to contact.html.",
      "agent": "CoderAgent",
      "agent_prompt": "Add a map placeholder or location card and support links to contact.html (code_step_T007).  If using a map, use a placeholder image. The location card should display address and contact details. Support links should point to helpful resources. Use Tailwind CSS classes for styling (card appearance, text color, spacing, alignment). Generate the HTML for these sections only. Ensure dark theme styles are applied.",
      "reads": [
        "code_step_T007"
      ],
      "writes": [
        "code_step_T015",
        "execution_result_T015"
      ],
      "status": "pending",
      "output": null,
      "error": null,
      "cost": 0.0,
      "start_time": null,
      "end_time": null,
      "execution_time": 0.0
    },
    {
      "id": "T016",
      "description": "Assemble the complete contact.html page by integrating the header, contact form, location, and support sections.",
      "agent": "CoderAgent",
      "agent_prompt": "Combine the HTML code from the following steps into a single, complete, and well-formatted HTML file named contact.html: code_step_T007 (base structure), code_step_T008 (header section), code_step_T014 (contact form), and code_step_T015 (location and support sections). Ensure that all sections are properly integrated and styled to maintain a consistent dark theme using Tailwind CSS and Flowbite. Ensure correct file path links to make sure they load properly.",
      "reads": [
        "code_step_T007",
        "code_step_T008",
        "code_step_T014",
        "code_step_T015"
      ],
      "writes": [
        "code_step_T016",
        "execution_result_T016"
      ],
      "status": "pending",
      "output": null,
      "error": null,
      "cost": 0.0,
      "start_time": null,
      "end_time": null,
      "execution_time": 0.0
    },
    {
      "id": "T017",
      "description": "Integrate the reusable footer into the about.html, products.html, and contact.html pages.",
      "agent": "CoderAgent",
      "agent_prompt": "Incorporate the generated footer from code_step_T005 into the about.html (code_step_T011), products.html (code_step_T013), and contact.html (code_step_T016) pages. Ensure that the footer is correctly placed and styled to match the dark theme using Tailwind CSS and Flowbite. Ensure correct file path links to make sure they load properly.",
      "reads": [
        "code_step_T005",
        "code_step_T011",
        "code_step_T013",
        "code_step_T016"
      ],
      "writes": [
        "code_step_T017",
        "execution_result_T017"
      ],
      "status": "pending",
      "output": null,
      "error": null,
      "cost": 0.0,
      "start_time": null,
      "end_time": null,
      "execution_time": 0.0
    }
  ],
  "links": [
    {
      "source": "ROOT",
      "target": "T001"
    },
    {
      "source": "ROOT",
      "target": "T007"
    },
    {
      "source": "T001",
      "target": "T002"
    },
    {
      "source": "T001",
      "target": "T003"
    },
    {
      "source": "T001",
      "target": "T004"
    },
    {
      "source": "T001",
      "target": "T005"
    },
    {
      "source": "T002",
      "target": "T006"
    },
    {
      "source": "T003",
      "target": "T006"
    },
    {
      "source": "T004",
      "target": "T006"
    },
    {
      "source": "T005",
      "target": "T006"
    },
    {
      "source": "T005",
      "target": "T017"
    },
    {
      "source": "T007",
      "target": "T008"
    },
    {
      "source": "T007",
      "target": "T009"
    },
    {
      "source": "T007",
      "target": "T010"
    },
    {
      "source": "T007",
      "target": "T012"
    },
    {
      "source": "T007",
      "target": "T014"
    },
    {
      "source": "T007",
      "target": "T015"
    },
    {
      "source": "T008",
      "target": "T011"
    },
    {
      "source": "T008",
      "target": "T013"
    },
    {
      "source": "T008",
      "target": "T016"
    },
    {
      "source": "T009",
      "target": "T011"
    },
    {
      "source": "T010",
      "target": "T011"
    },
    {
      "source": "T011",
      "target": "T017"
    },
    {
      "source": "T012",
      "target": "T013"
    },
    {
      "source": "T013",
      "target": "T017"
    },
    {
      "source": "T014",
      "target": "T016"
    },
    {
      "source": "T015",
      "target": "T016"
    },
    {
      "source": "T016",
      "target": "T017"
    }
  ]
}