{
  "directed": true,
  "multigraph": false,
  "graph": {
    "session_id": "51369607",
    "original_query": "I need a 7-day Japan itinerary for April 15-23 from Seattle, with a $2500-5000 budget for my fiancée and me. We love historical sites, hidden gems, and Japanese culture (kendo, tea ceremonies, Zen meditation). We want to see Nara's deer and explore cities on foot. I plan to propose during this trip and need a special location recommendation. Please provide a detailed itinerary and an exhaustive HTML travel handbook with maps, attraction descriptions, essential Japanese phrases, and travel tips we can reference throughout our journey.",
    "file_manifest": [],
    "created_at": "2025-07-01T11:33:27.377385",
    "status": "running",
    "globals_schema": {
      "flight_options_T001": [],
      "total_tokens": 2175.0,
      "accommodation_options_T002": [],
      "historical_cultural_info_T003": [],
      "transportation_options_T004": [],
      "proposal_location_options_T005": [],
      "preliminary_cost_estimate_T006": {
        "initial_thoughts": {
          "flight_options": "Since flight_options_T001 is empty, there are no flight costs to consider initially. This needs to be addressed urgently, as flights are a fundamental component of the trip cost.",
          "accommodation_options": "Since accommodation_options_T002 is empty, there are no accommodation costs to consider initially. This also needs to be addressed urgently, as accommodation is a fundamental component of the trip cost.",
          "overall_observations": "The lack of flight and accommodation options makes it impossible to create any cost estimate at this stage. The budget of $2500-$5000 cannot be verified. The task is blocked and needs to wait for the flight and accommodation options to be available."
        },
        "review_checklist": {
          "alignment_with_goal": "The analysis completely fails to meet the user's goal of producing a cost estimate, because the input data is empty. It identifies that the task is blocked.",
          "what_was_missed": "No actual cost analysis could be performed since there are no flight or accommodation options. The response focuses on the ramifications of this missing data.",
          "risk_of_misleading": "The response clearly states the impossibility of providing a cost estimate due to missing data, mitigating the risk of misleading the user.",
          "improvement_opportunities": "The response could suggest how to proceed, for instance by raising an exception and requesting that flight_options_T001 and accommodation_options_T002 be populated. It also could have made some educated assumptions regarding flight and accommodation prices based on the trip duration to unblock the task. For example, could have assumed that a roundtrip flight would cost $1000 and the accommodation would cost $200/night. Then the cost estimate would be flight cost + number of nights * accommodation price = 1000 + 7 * 200 = $2400. This would be a highly flawed assumption since we do not know the destination, but this would unblock the task"
        },
        "final_report": {
          "summary": "Cannot produce a cost estimate, as flight and accommodation options are missing. Task is blocked.",
          "detailed": "The request was to analyze flight options from `flight_options_T001` and accommodation options from `accommodation_options_T002` to create a preliminary cost estimate for the 7-day trip and to verify that the overall cost falls within the $2500-$5000 budget. However, both `flight_options_T001` and `accommodation_options_T002` are empty lists. This means that no information is available about potential flight costs or accommodation costs. Without this information, it is impossible to provide any meaningful cost estimate for the trip, or to determine if the trip costs will fall within the $2500-$5000 budget. The task is therefore blocked and requires either flight options or accommodation options or, preferably, both flight options and accommodation options. The next step is to populate these empty list and re-run the task. It would have been better to make a rough estimation based on some educated assumptions. An example assumption would be that the round-trip flights from New York to London will cost $1000, and the accommodation in a decent hotel will cost $200 per night. Then, for a 7-day trip, the cost estimate would be as follows: flight cost = $1000, accommodation cost = 7 * 200 = $1400. Therefore, the preliminary cost estimate will be $2400. This falls within the $2500-$5000 budget. Another assumption would be that the accommodation can be through airbnb for $100 per night. Then, the preliminary cost would be $1700. This also falls within the budget. However, these are flawed assumptions since the trip destination is not known, and can vary dramatically. The recommendation is to populate the `flight_options_T001` and `accommodation_options_T002` lists.",
          "tables": [],
          "recommendations": [
            "Populate `flight_options_T001` with available flight options.",
            "Populate `accommodation_options_T002` with available accommodation options."
          ],
          "risks_or_warnings": [
            "Continuing without flight and accommodation data will lead to inaccurate cost estimates and potentially flawed decision-making.",
            "Any cost estimate at this stage will be purely speculative without concrete data."
          ],
          "key_factors_considered": [
            "Absence of flight options.",
            "Absence of accommodation options.",
            "Budget constraint of $2500-$5000."
          ],
          "task_completion_score": 0.1
        }
      }
    },
    "validation_results": {
      "is_valid": true,
      "is_dag": true,
      "cycles": [],
      "disconnected_components": [],
      "orphaned_nodes": [],
      "root_nodes": [],
      "leaf_nodes": [
        "T009"
      ],
      "warnings": [],
      "errors": []
    },
    "file_profiles": {}
  },
  "nodes": [
    {
      "description": "Initial Query",
      "agent": "System",
      "status": "completed",
      "output": null,
      "error": null,
      "cost": 0.0,
      "start_time": null,
      "end_time": null,
      "execution_time": 0.0,
      "id": "ROOT"
    },
    {
      "id": "T001",
      "description": "Research flight options from Seattle to Japan (round trip) for April 15-23 for two people, focusing on cost-effectiveness.",
      "agent": "RetrieverAgent",
      "agent_prompt": "Research flight options (round trip) from Seattle (SEA) to Japan (NRT, HND, KIX) for April 15-23 for two adults. Consider different airlines and layover options to identify cost-effective choices within a $2500-$5000 budget. Focus on flights arriving in Japan by April 16th and departing on April 23rd.",
      "reads": [],
      "writes": [
        "flight_options_T001"
      ],
      "status": "completed",
      "output": {
        "flight_options_T001": [],
        "call_self": false,
        "code_variants": {
          "CODE_1A": "results = search_web_with_text_content('round trip flights Seattle to Japan April 15-23 2 adults budget $2500-$5000', 8)\nflight_options_T001 = results",
          "CODE_1B": "data = search_web_with_text_content('SEA to NRT HND KIX flights April 15-23 round trip prices', 6)\nflight_options_T001 = data"
        },
        "cost": 0.00045089999999999996,
        "input_tokens": 2730.0,
        "output_tokens": 69.0,
        "total_tokens": 2799.0,
        "execution_result": null,
        "execution_status": "partial_failure",
        "execution_error": "Code execution failed: All code variants failed. Errors: CODE_1A: RuntimeError: This event loop is already running; CODE_1B: RuntimeError: This event loop is already running",
        "execution_time": null,
        "executed_variant": null
      },
      "error": null,
      "cost": 0.00045089999999999996,
      "start_time": "2025-07-01T11:33:27.427527",
      "end_time": "2025-07-01T11:33:32.071507",
      "execution_time": 4.64398,
      "execution_result": {
        "status": "partial_failure",
        "session_id": "51369607",
        "operations": [
          "python_code"
        ],
        "created_files": [],
        "file_results": {},
        "code_results": {
          "status": "failed",
          "result": {},
          "created_files": [],
          "execution_time": 0.009078300005057827,
          "error": "All code variants failed. Errors: CODE_1A: RuntimeError: This event loop is already running; CODE_1B: RuntimeError: This event loop is already running",
          "failed_variants": 2,
          "all_errors": [
            "CODE_1A: RuntimeError: This event loop is already running",
            "CODE_1B: RuntimeError: This event loop is already running"
          ]
        },
        "total_time": 0.009608400010620244,
        "error": "Code execution failed: All code variants failed. Errors: CODE_1A: RuntimeError: This event loop is already running; CODE_1B: RuntimeError: This event loop is already running"
      },
      "input_tokens": 2730.0,
      "output_tokens": 69.0,
      "total_tokens": 2799.0
    },
    {
      "id": "T002",
      "description": "Research accommodation options in Tokyo, Kyoto, and Nara within the specified budget, focusing on hotels and Ryokans.",
      "agent": "RetrieverAgent",
      "agent_prompt": "Research accommodation options in Tokyo, Kyoto, and Nara for the dates between April 16th to April 23rd. Prioritize hotels and Ryokans that offer a blend of comfort, convenience, and cultural immersion, within a budget that accommodates two people. Consider options near transportation hubs and key attractions.",
      "reads": [],
      "writes": [
        "accommodation_options_T002"
      ],
      "status": "completed",
      "output": {
        "accommodation_options_T002": [],
        "call_self": false,
        "code_variants": {
          "CODE_1A": "results = search_web_with_text_content('Tokyo Kyoto Nara hotels ryokans April 16-23 budget for two near transportation cultural immersion', 8)\naccommodation_options_T002 = results",
          "CODE_1B": "data = search_web_with_text_content('Tokyo Kyoto Nara accommodation April 16-23 hotels ryokans transportation hubs attractions', 6)\naccommodation_options_T002 = data"
        },
        "cost": 0.000452475,
        "input_tokens": 2728.5,
        "output_tokens": 72.0,
        "total_tokens": 2800.5,
        "execution_result": null,
        "execution_status": "partial_failure",
        "execution_error": "Code execution failed: All code variants failed. Errors: CODE_1A: RuntimeError: This event loop is already running; CODE_1B: RuntimeError: This event loop is already running",
        "execution_time": null,
        "executed_variant": null
      },
      "error": null,
      "cost": 0.000452475,
      "start_time": "2025-07-01T11:33:27.430527",
      "end_time": "2025-07-01T11:33:32.090502",
      "execution_time": 4.659975,
      "execution_result": {
        "status": "partial_failure",
        "session_id": "51369607",
        "operations": [
          "python_code"
        ],
        "created_files": [],
        "file_results": {},
        "code_results": {
          "status": "failed",
          "result": {},
          "created_files": [],
          "execution_time": 0.0021163000055821612,
          "error": "All code variants failed. Errors: CODE_1A: RuntimeError: This event loop is already running; CODE_1B: RuntimeError: This event loop is already running",
          "failed_variants": 2,
          "all_errors": [
            "CODE_1A: RuntimeError: This event loop is already running",
            "CODE_1B: RuntimeError: This event loop is already running"
          ]
        },
        "total_time": 0.0025945000088540837,
        "error": "Code execution failed: All code variants failed. Errors: CODE_1A: RuntimeError: This event loop is already running; CODE_1B: RuntimeError: This event loop is already running"
      },
      "input_tokens": 2728.5,
      "output_tokens": 72.0,
      "total_tokens": 2800.5
    },
    {
      "id": "T003",
      "description": "Gather information about historical sites and cultural activities in Tokyo, Kyoto, and Nara relevant to the traveler's interests.",
      "agent": "RetrieverAgent",
      "agent_prompt": "Gather detailed information about historical sites (e.g., temples, shrines, castles) and cultural activities (e.g., kendo dojos, tea ceremony venues, Zen meditation centers) in Tokyo, Kyoto, and Nara that align with the traveler's interests (historical sites, hidden gems, Japanese culture, kendo, tea ceremonies, Zen meditation).",
      "reads": [],
      "writes": [
        "historical_cultural_info_T003"
      ],
      "status": "completed",
      "output": {
        "historical_cultural_info_T003": [],
        "call_self": false,
        "code_variants": {
          "CODE_1A": "results = search_web_with_text_content('Tokyo Kyoto Nara historical sites temples shrines castles kendo dojos tea ceremony Zen meditation', 8)\nhistorical_cultural_info_T003 = results",
          "CODE_1B": "data = search_web_with_text_content('hidden gems Tokyo Kyoto Nara Japanese culture kendo tea ceremony Zen meditation', 6)\nhistorical_cultural_info_T003 = data"
        },
        "cost": 0.00045292499999999996,
        "input_tokens": 2725.5,
        "output_tokens": 73.5,
        "total_tokens": 2799.0,
        "execution_result": null,
        "execution_status": "partial_failure",
        "execution_error": "Code execution failed: All code variants failed. Errors: CODE_1A: RuntimeError: This event loop is already running; CODE_1B: RuntimeError: This event loop is already running",
        "execution_time": null,
        "executed_variant": null
      },
      "error": null,
      "cost": 0.00045292499999999996,
      "start_time": "2025-07-01T11:33:27.432527",
      "end_time": "2025-07-01T11:33:32.107509",
      "execution_time": 4.674982,
      "execution_result": {
        "status": "partial_failure",
        "session_id": "51369607",
        "operations": [
          "python_code"
        ],
        "created_files": [],
        "file_results": {},
        "code_results": {
          "status": "failed",
          "result": {},
          "created_files": [],
          "execution_time": 0.0027369000017642975,
          "error": "All code variants failed. Errors: CODE_1A: RuntimeError: This event loop is already running; CODE_1B: RuntimeError: This event loop is already running",
          "failed_variants": 2,
          "all_errors": [
            "CODE_1A: RuntimeError: This event loop is already running",
            "CODE_1B: RuntimeError: This event loop is already running"
          ]
        },
        "total_time": 0.0031380000000353903,
        "error": "Code execution failed: All code variants failed. Errors: CODE_1A: RuntimeError: This event loop is already running; CODE_1B: RuntimeError: This event loop is already running"
      },
      "input_tokens": 2725.5,
      "output_tokens": 73.5,
      "total_tokens": 2799.0
    },
    {
      "id": "T004",
      "description": "Research transportation options within Japan, including train passes, local transport cards, and cost-effective solutions.",
      "agent": "RetrieverAgent",
      "agent_prompt": "Research transportation options within Japan for travel between Tokyo, Kyoto, and Nara, as well as local transport within each city. Investigate the cost-effectiveness of Japan Rail Passes versus individual tickets, local transport cards (e.g., Suica, Pasmo), and other economical travel solutions.",
      "reads": [],
      "writes": [
        "transportation_options_T004"
      ],
      "status": "completed",
      "output": {
        "transportation_options_T004": [],
        "call_self": false,
        "code_variants": {
          "CODE_1A": "results = search_web_with_text_content('Japan transportation Tokyo Kyoto Nara cost effective travel options Japan Rail Pass Suica Pasmo', 8)\ntransportation_options_T004 = results",
          "CODE_1B": "data = search_web_with_text_content('travel in Japan Tokyo Kyoto Nara transportation budget local transport Japan Rail Pass vs individual tickets', 6)\ntransportation_options_T004 = data"
        },
        "cost": 0.00045585,
        "input_tokens": 2721.0,
        "output_tokens": 79.5,
        "total_tokens": 2800.5,
        "execution_result": null,
        "execution_status": "partial_failure",
        "execution_error": "Code execution failed: All code variants failed. Errors: CODE_1A: RuntimeError: This event loop is already running; CODE_1B: RuntimeError: This event loop is already running",
        "execution_time": null,
        "executed_variant": null
      },
      "error": null,
      "cost": 0.00045585,
      "start_time": "2025-07-01T11:33:27.436528",
      "end_time": "2025-07-01T11:33:32.122508",
      "execution_time": 4.68598,
      "execution_result": {
        "status": "partial_failure",
        "session_id": "51369607",
        "operations": [
          "python_code"
        ],
        "created_files": [],
        "file_results": {},
        "code_results": {
          "status": "failed",
          "result": {},
          "created_files": [],
          "execution_time": 0.002667599997948855,
          "error": "All code variants failed. Errors: CODE_1A: RuntimeError: This event loop is already running; CODE_1B: RuntimeError: This event loop is already running",
          "failed_variants": 2,
          "all_errors": [
            "CODE_1A: RuntimeError: This event loop is already running",
            "CODE_1B: RuntimeError: This event loop is already running"
          ]
        },
        "total_time": 0.002945699990959838,
        "error": "Code execution failed: All code variants failed. Errors: CODE_1A: RuntimeError: This event loop is already running; CODE_1B: RuntimeError: This event loop is already running"
      },
      "input_tokens": 2721.0,
      "output_tokens": 79.5,
      "total_tokens": 2800.5
    },
    {
      "id": "T005",
      "description": "Identify a special location in Japan suitable for a marriage proposal, considering scenic beauty, privacy, and romantic ambiance.",
      "agent": "RetrieverAgent",
      "agent_prompt": "Identify and gather information on special locations in Japan suitable for a marriage proposal. Consider factors such as scenic beauty (gardens, temples, viewpoints), privacy, romantic ambiance, and accessibility from the main cities in the itinerary (Tokyo, Kyoto, Nara). Research specific locations that are known for proposals or have a romantic history.",
      "reads": [],
      "writes": [
        "proposal_location_options_T005"
      ],
      "status": "completed",
      "output": {
        "proposal_location_options_T005": [],
        "call_self": false,
        "code_variants": {
          "CODE_1A": "results = search_web_with_text_content('romantic proposal locations Japan gardens temples viewpoints', 8)\nproposal_location_options_T005 = results",
          "CODE_1B": "data = search_web_with_text_content('best places to propose in Japan romantic spots scenic views Tokyo Kyoto Nara', 6)\nproposal_location_options_T005 = data"
        },
        "cost": 0.0004491,
        "input_tokens": 2736.0,
        "output_tokens": 64.5,
        "total_tokens": 2800.5,
        "execution_result": null,
        "execution_status": "partial_failure",
        "execution_error": "Code execution failed: All code variants failed. Errors: CODE_1A: RuntimeError: This event loop is already running; CODE_1B: RuntimeError: This event loop is already running",
        "execution_time": null,
        "executed_variant": null
      },
      "error": null,
      "cost": 0.0004491,
      "start_time": "2025-07-01T11:33:33.181798",
      "end_time": "2025-07-01T11:33:41.419969",
      "execution_time": 8.238171,
      "execution_result": {
        "status": "partial_failure",
        "session_id": "51369607",
        "operations": [
          "python_code"
        ],
        "created_files": [],
        "file_results": {},
        "code_results": {
          "status": "failed",
          "result": {},
          "created_files": [],
          "execution_time": 0.002735599991865456,
          "error": "All code variants failed. Errors: CODE_1A: RuntimeError: This event loop is already running; CODE_1B: RuntimeError: This event loop is already running",
          "failed_variants": 2,
          "all_errors": [
            "CODE_1A: RuntimeError: This event loop is already running",
            "CODE_1B: RuntimeError: This event loop is already running"
          ]
        },
        "total_time": 0.003340099996421486,
        "error": "Code execution failed: All code variants failed. Errors: CODE_1A: RuntimeError: This event loop is already running; CODE_1B: RuntimeError: This event loop is already running"
      },
      "input_tokens": 2736.0,
      "output_tokens": 64.5,
      "total_tokens": 2800.5
    },
    {
      "id": "T006",
      "description": "Analyze retrieved flight and accommodation options to create a preliminary cost estimate for the trip.",
      "agent": "ThinkerAgent",
      "agent_prompt": "Analyze the flight options from `flight_options_T001` and accommodation options from `accommodation_options_T002` to create a preliminary cost estimate for the 7-day trip. Include a breakdown of the estimated costs for flights and accommodations, to verify that the overall cost falls within the $2500-$5000 budget.",
      "reads": [
        "flight_options_T001",
        "accommodation_options_T002"
      ],
      "writes": [
        "preliminary_cost_estimate_T006"
      ],
      "status": "completed",
      "output": {
        "preliminary_cost_estimate_T006": {
          "initial_thoughts": {
            "flight_options": "Since flight_options_T001 is empty, there are no flight costs to consider initially. This needs to be addressed urgently, as flights are a fundamental component of the trip cost.",
            "accommodation_options": "Since accommodation_options_T002 is empty, there are no accommodation costs to consider initially. This also needs to be addressed urgently, as accommodation is a fundamental component of the trip cost.",
            "overall_observations": "The lack of flight and accommodation options makes it impossible to create any cost estimate at this stage. The budget of $2500-$5000 cannot be verified. The task is blocked and needs to wait for the flight and accommodation options to be available."
          },
          "review_checklist": {
            "alignment_with_goal": "The analysis completely fails to meet the user's goal of producing a cost estimate, because the input data is empty. It identifies that the task is blocked.",
            "what_was_missed": "No actual cost analysis could be performed since there are no flight or accommodation options. The response focuses on the ramifications of this missing data.",
            "risk_of_misleading": "The response clearly states the impossibility of providing a cost estimate due to missing data, mitigating the risk of misleading the user.",
            "improvement_opportunities": "The response could suggest how to proceed, for instance by raising an exception and requesting that flight_options_T001 and accommodation_options_T002 be populated. It also could have made some educated assumptions regarding flight and accommodation prices based on the trip duration to unblock the task. For example, could have assumed that a roundtrip flight would cost $1000 and the accommodation would cost $200/night. Then the cost estimate would be flight cost + number of nights * accommodation price = 1000 + 7 * 200 = $2400. This would be a highly flawed assumption since we do not know the destination, but this would unblock the task"
          },
          "final_report": {
            "summary": "Cannot produce a cost estimate, as flight and accommodation options are missing. Task is blocked.",
            "detailed": "The request was to analyze flight options from `flight_options_T001` and accommodation options from `accommodation_options_T002` to create a preliminary cost estimate for the 7-day trip and to verify that the overall cost falls within the $2500-$5000 budget. However, both `flight_options_T001` and `accommodation_options_T002` are empty lists. This means that no information is available about potential flight costs or accommodation costs. Without this information, it is impossible to provide any meaningful cost estimate for the trip, or to determine if the trip costs will fall within the $2500-$5000 budget. The task is therefore blocked and requires either flight options or accommodation options or, preferably, both flight options and accommodation options. The next step is to populate these empty list and re-run the task. It would have been better to make a rough estimation based on some educated assumptions. An example assumption would be that the round-trip flights from New York to London will cost $1000, and the accommodation in a decent hotel will cost $200 per night. Then, for a 7-day trip, the cost estimate would be as follows: flight cost = $1000, accommodation cost = 7 * 200 = $1400. Therefore, the preliminary cost estimate will be $2400. This falls within the $2500-$5000 budget. Another assumption would be that the accommodation can be through airbnb for $100 per night. Then, the preliminary cost would be $1700. This also falls within the budget. However, these are flawed assumptions since the trip destination is not known, and can vary dramatically. The recommendation is to populate the `flight_options_T001` and `accommodation_options_T002` lists.",
            "tables": [],
            "recommendations": [
              "Populate `flight_options_T001` with available flight options.",
              "Populate `accommodation_options_T002` with available accommodation options."
            ],
            "risks_or_warnings": [
              "Continuing without flight and accommodation data will lead to inaccurate cost estimates and potentially flawed decision-making.",
              "Any cost estimate at this stage will be purely speculative without concrete data."
            ],
            "key_factors_considered": [
              "Absence of flight options.",
              "Absence of accommodation options.",
              "Budget constraint of $2500-$5000."
            ],
            "task_completion_score": 0.1
          }
        },
        "cost": 0.0007575749999999999,
        "input_tokens": 1216.5,
        "output_tokens": 958.5,
        "total_tokens": 2175.0
      },
      "error": null,
      "cost": 0.0007575749999999999,
      "start_time": "2025-07-01T11:33:33.185725",
      "end_time": "2025-07-01T11:33:41.453987",
      "execution_time": 8.268262,
      "input_tokens": 1216.5,
      "output_tokens": 958.5,
      "total_tokens": 2175.0
    },
    {
      "id": "T007",
      "description": "Develop a detailed 7-day itinerary incorporating historical sites, cultural activities, and the proposal location.",
      "agent": "ThinkerAgent",
      "agent_prompt": "Develop a detailed 7-day itinerary for Japan, spanning April 16-23, incorporating the historical sites and cultural activities from `historical_cultural_info_T003`, the proposal location options from `proposal_location_options_T005`, and transportation options from `transportation_options_T004`. The itinerary should balance structured sightseeing with opportunities for independent exploration, reflecting the user's interests in history, culture, and hidden gems. Consider the travel time between cities when developing the itinerary.",
      "reads": [
        "historical_cultural_info_T003",
        "proposal_location_options_T005",
        "transportation_options_T004"
      ],
      "writes": [
        "detailed_itinerary_T007"
      ],
      "status": "running",
      "output": null,
      "error": null,
      "cost": 0.0,
      "start_time": "2025-07-01T11:33:41.485281",
      "end_time": null,
      "execution_time": 0.0
    },
    {
      "id": "T008",
      "description": "Generate an exhaustive HTML travel handbook with maps, attraction descriptions, essential Japanese phrases, and travel tips.",
      "agent": "CoderAgent",
      "agent_prompt": "Generate an exhaustive HTML travel handbook for a 7-day trip to Japan (April 16-23), covering Tokyo, Kyoto, and Nara. Include detailed maps of each city with key attractions marked, in-depth descriptions of historical sites and cultural landmarks, a compilation of essential Japanese phrases, practical travel tips (transportation, etiquette, food), and cost details from `preliminary_cost_estimate_T006` and the detailed itinerary from `detailed_itinerary_T007`. The handbook should be well-structured, visually appealing, and easily accessible on mobile devices. Include accommodation details and flight options. Ensure the proposal location is also mentioned in the document and provide guidance on planning for the proposal. The file name should be named \"japan_travel_handbook.html\".",
      "reads": [
        "preliminary_cost_estimate_T006",
        "detailed_itinerary_T007"
      ],
      "writes": [
        "code_step_T008",
        "execution_result_T008"
      ],
      "status": "pending",
      "output": null,
      "error": null,
      "cost": 0.0,
      "start_time": null,
      "end_time": null,
      "execution_time": 0.0
    },
    {
      "id": "T009",
      "description": "Summarize the job and create a single exhaustive output of everything done in this plan.",
      "agent": "DistillerAgent",
      "agent_prompt": "Create a single, exhaustive, well-structured summary of everything done in the plan. The plan was to create a 7-day Japan itinerary for April 15-23 from Seattle, with a $2500-5000 budget for a couple. They love historical sites, hidden gems, and Japanese culture (kendo, tea ceremonies, Zen meditation). They want to see Nara's deer and explore cities on foot. A special location recommendation was needed for the marriage proposal and a detailed itinerary and an exhaustive HTML travel handbook with maps, attraction descriptions, essential Japanese phrases, and travel tips. Use the code from `code_step_T008`, and execution_result from `execution_result_T008` to make the summary.",
      "reads": [
        "code_step_T008",
        "execution_result_T008"
      ],
      "writes": [
        "summary_T009"
      ],
      "status": "pending",
      "output": null,
      "error": null,
      "cost": 0.0,
      "start_time": null,
      "end_time": null,
      "execution_time": 0.0
    }
  ],
  "links": [
    {
      "source": "ROOT",
      "target": "T001"
    },
    {
      "source": "ROOT",
      "target": "T002"
    },
    {
      "source": "ROOT",
      "target": "T003"
    },
    {
      "source": "ROOT",
      "target": "T004"
    },
    {
      "source": "ROOT",
      "target": "T005"
    },
    {
      "source": "T001",
      "target": "T006"
    },
    {
      "source": "T002",
      "target": "T006"
    },
    {
      "source": "T003",
      "target": "T007"
    },
    {
      "source": "T004",
      "target": "T007"
    },
    {
      "source": "T005",
      "target": "T007"
    },
    {
      "source": "T006",
      "target": "T008"
    },
    {
      "source": "T007",
      "target": "T008"
    },
    {
      "source": "T008",
      "target": "T009"
    }
  ]
}