{
  "directed": true,
  "multigraph": false,
  "graph": {
    "session_id": "51369150",
    "original_query": "I need a 7-day Japan itinerary for April 15-23 from Seattle, with a $2500-5000 budget for my fiancée and me. We love historical sites, hidden gems, and Japanese culture (kendo, tea ceremonies, Zen meditation). We want to see Nara's deer and explore cities on foot. I plan to propose during this trip and need a special location recommendation. Please provide a detailed itinerary and an exhaustive HTML travel handbook with maps, attraction descriptions, essential Japanese phrases, and travel tips we can reference throughout our journey.",
    "file_manifest": [],
    "created_at": "2025-07-01T11:25:50.227173",
    "status": "running",
    "globals_schema": {},
    "validation_results": {
      "is_valid": true,
      "is_dag": true,
      "cycles": [],
      "disconnected_components": [],
      "orphaned_nodes": [],
      "root_nodes": [],
      "leaf_nodes": [
        "T008",
        "T009"
      ],
      "warnings": [],
      "errors": []
    },
    "file_profiles": {}
  },
  "nodes": [
    {
      "description": "Initial Query",
      "agent": "System",
      "status": "completed",
      "output": null,
      "error": null,
      "cost": 0.0,
      "start_time": null,
      "end_time": null,
      "execution_time": 0.0,
      "id": "ROOT"
    },
    {
      "id": "T001",
      "description": "Research flight options from Seattle to Japan (round trip) for April 15-23 to determine average costs and travel times.",
      "agent": "RetrieverAgent",
      "agent_prompt": "Research flight options from Seattle (SEA) to major airports in Japan (e.g., NRT, KIX) for a round trip between April 15-23. Focus on airlines, flight durations, layovers, and average price ranges for two passengers. Document the findings in a structured format.",
      "reads": [],
      "writes": [
        "flight_options_T001"
      ],
      "status": "running",
      "output": null,
      "error": null,
      "cost": 0.0,
      "start_time": "2025-07-01T11:25:50.252833",
      "end_time": null,
      "execution_time": 0.0
    },
    {
      "id": "T002",
      "description": "Research accommodation options in Tokyo, Kyoto, and Nara, considering budget ($2500-5000 total), desired experiences, and dates.",
      "agent": "RetrieverAgent",
      "agent_prompt": "Research hotel, Ryokan, and Airbnb options in Tokyo, Kyoto, and Nara for the period of April 15-23. Prioritize options that offer cultural experiences or are located near historical sites. Collect information on price ranges, guest reviews, and amenities.",
      "reads": [],
      "writes": [
        "accommodation_options_T002"
      ],
      "status": "running",
      "output": null,
      "error": null,
      "cost": 0.0,
      "start_time": "2025-07-01T11:25:50.255887",
      "end_time": null,
      "execution_time": 0.0
    },
    {
      "id": "T003",
      "description": "Research popular and hidden gem historical sites in Tokyo, Kyoto, and Nara.",
      "agent": "RetrieverAgent",
      "agent_prompt": "Identify popular and lesser-known historical sites and attractions in Tokyo, Kyoto, and Nara. Gather information on opening hours, entrance fees, and historical significance. Include details about gardens, temples, shrines, and castles.",
      "reads": [],
      "writes": [
        "historical_sites_T003"
      ],
      "status": "running",
      "output": null,
      "error": null,
      "cost": 0.0,
      "start_time": "2025-07-01T11:25:50.259832",
      "end_time": null,
      "execution_time": 0.0
    },
    {
      "id": "T004",
      "description": "Research cultural experiences in Japan, specifically Kendo, tea ceremonies, and Zen meditation locations.",
      "agent": "RetrieverAgent",
      "agent_prompt": "Research locations and opportunities for experiencing Kendo, tea ceremonies, and Zen meditation in Tokyo, Kyoto, or Nara. Include information on schedules, costs, and booking procedures.",
      "reads": [],
      "writes": [
        "cultural_experiences_T004"
      ],
      "status": "running",
      "output": null,
      "error": null,
      "cost": 0.0,
      "start_time": "2025-07-01T11:25:50.262829",
      "end_time": null,
      "execution_time": 0.0
    },
    {
      "id": "T005",
      "description": "Research special proposal locations in Japan, considering scenic beauty and romantic ambiance.",
      "agent": "RetrieverAgent",
      "agent_prompt": "Research romantic and scenic locations in Japan suitable for a proposal. Consider gardens, temples, mountain viewpoints, or other unique places. Gather information on access, privacy, and suitability for a proposal.",
      "reads": [],
      "writes": [
        "proposal_locations_T005"
      ],
      "status": "running",
      "output": null,
      "error": null,
      "cost": 0.0,
      "start_time": "2025-07-01T11:25:50.265829",
      "end_time": null,
      "execution_time": 0.0
    },
    {
      "id": "T006",
      "description": "Analyze flight options, accommodation options, historical sites, cultural experiences, and proposal locations to create a draft itinerary.",
      "agent": "ThinkerAgent",
      "agent_prompt": "Based on the researched flight options (`flight_options_T001`), accommodation options (`accommodation_options_T002`), historical sites (`historical_sites_T003`), cultural experiences (`cultural_experiences_T004`), and proposal locations (`proposal_locations_T005`), create a draft 7-day itinerary for Japan, allocating time in Tokyo, Kyoto, and Nara. Consider travel times, costs, and desired activities.",
      "reads": [
        "flight_options_T001",
        "accommodation_options_T002",
        "historical_sites_T003",
        "cultural_experiences_T004",
        "proposal_locations_T005"
      ],
      "writes": [
        "draft_itinerary_T006"
      ],
      "status": "pending",
      "output": null,
      "error": null,
      "cost": 0.0,
      "start_time": null,
      "end_time": null,
      "execution_time": 0.0
    },
    {
      "id": "T007",
      "description": "Refine the draft itinerary based on feasibility, cost, and optimal flow between locations. Ensure inclusion of all desired experiences.",
      "agent": "ThinkerAgent",
      "agent_prompt": "Review the draft itinerary (`draft_itinerary_T006`) for feasibility, cost, and optimal flow between Tokyo, Kyoto, and Nara. Consider the balance between historical sites, cultural experiences, and free time for exploration. Check for potential scheduling conflicts and revise accordingly. Prioritize inclusion of Nara's deer park.",
      "reads": [
        "draft_itinerary_T006"
      ],
      "writes": [
        "refined_itinerary_T007"
      ],
      "status": "pending",
      "output": null,
      "error": null,
      "cost": 0.0,
      "start_time": null,
      "end_time": null,
      "execution_time": 0.0
    },
    {
      "id": "T008",
      "description": "Develop a detailed HTML travel handbook, including maps, attraction descriptions, essential Japanese phrases, and travel tips.",
      "agent": "CoderAgent",
      "agent_prompt": "Create a comprehensive HTML travel handbook for a 7-day trip to Japan. The handbook should include:\n\n- A day-by-day itinerary based on `refined_itinerary_T007`.\n- Interactive maps of Tokyo, Kyoto, and Nara, highlighting key attractions from `historical_sites_T003`.\n- Detailed descriptions of the attractions.\n- A section on essential Japanese phrases.\n- Practical travel tips for navigating Japan (transportation, etiquette, food).\n- Section with proposed location details (`proposal_locations_T005`).\n- The HTML code should be well-formatted and easy to read.",
      "reads": [
        "refined_itinerary_T007",
        "historical_sites_T003",
        "proposal_locations_T005"
      ],
      "writes": [
        "html_travel_handbook_T008"
      ],
      "status": "pending",
      "output": null,
      "error": null,
      "cost": 0.0,
      "start_time": null,
      "end_time": null,
      "execution_time": 0.0
    },
    {
      "id": "T009",
      "description": "Format the final itinerary and extract proposal location details for presentation.",
      "agent": "FormatterAgent",
      "agent_prompt": "Create a well-structured and visually appealing 7-day Japan itinerary based on `refined_itinerary_T007`. Highlight the proposed locations mentioned in `refined_itinerary_T007` and describe it in detail along with possible challenges and backup plans. Include sections for each day with specific activities, locations, transportation methods, and estimated costs.",
      "reads": [
        "refined_itinerary_T007"
      ],
      "writes": [
        "formatted_itinerary_T009"
      ],
      "status": "pending",
      "output": null,
      "error": null,
      "cost": 0.0,
      "start_time": null,
      "end_time": null,
      "execution_time": 0.0
    }
  ],
  "links": [
    {
      "source": "ROOT",
      "target": "T001"
    },
    {
      "source": "ROOT",
      "target": "T002"
    },
    {
      "source": "ROOT",
      "target": "T003"
    },
    {
      "source": "ROOT",
      "target": "T004"
    },
    {
      "source": "ROOT",
      "target": "T005"
    },
    {
      "source": "T001",
      "target": "T006"
    },
    {
      "source": "T002",
      "target": "T006"
    },
    {
      "source": "T003",
      "target": "T006"
    },
    {
      "source": "T004",
      "target": "T006"
    },
    {
      "source": "T005",
      "target": "T006"
    },
    {
      "source": "T006",
      "target": "T007"
    },
    {
      "source": "T007",
      "target": "T008"
    },
    {
      "source": "T007",
      "target": "T009"
    }
  ]
}