{
  "directed": true,
  "multigraph": false,
  "graph": {
    "session_id": "51336295",
    "original_query": "Create a dark-themed, modern multi-page landing website using Flowbite + Tailwind CSS via CDN (no build tools), with 4 pages: index.html (hero with fullscreen background image from picsum.photos or placeholder.com, features, testimonials, CTA, footer with social icons), about.html (mission statement, timeline or values, team cards), products.html (6–8 product/service cards in a grid with title, description, image, price, optional filters), and contact.html (contact form with name/email/message, map placeholder or location card, support links), using consistent dark mode theme, responsive layout, shared header/footer, no lorem ipsum, proper meta tags and titles, and only HTML/CSS/JS. Call CoderAgent atleast 9-10 times for different exhaustive but specific tasks as this is a detailed project. Remember CoderAgent is stateless and can't see other outputs. So you will have to be very specific in creating only parts else it will create full htmls",
    "file_manifest": [],
    "created_at": "2025-07-01T02:18:15.822319",
    "status": "running",
    "globals_schema": {
      "tailwind_config_T001": "tailwind.config.js",
      "execution_result_T001": "Created a base Tailwind CSS configuration file with dark mode enabled and a modern dark theme palette."
    },
    "validation_results": {
      "is_valid": true,
      "is_dag": true,
      "cycles": [],
      "disconnected_components": [],
      "orphaned_nodes": [],
      "root_nodes": [],
      "leaf_nodes": [
        "T010"
      ],
      "warnings": [],
      "errors": []
    },
    "file_profiles": {}
  },
  "nodes": [
    {
      "description": "Initial Query",
      "agent": "System",
      "status": "completed",
      "output": null,
      "error": null,
      "cost": 0.0,
      "start_time": null,
      "end_time": null,
      "execution_time": 0.0,
      "id": "ROOT"
    },
    {
      "id": "T001",
      "description": "Create base dark-themed Tailwind CSS configuration for consistent styling.",
      "agent": "CoderAgent",
      "agent_prompt": "Create a base Tailwind CSS configuration file that enables dark mode and sets up a consistent dark theme palette, including primary, secondary, and accent colors suitable for a modern website. The configuration should use CDN for Tailwind CSS and Flowbite. Do not include any HTML. Only output the Tailwind CSS configuration. The configuration should be exhaustive and account for components provided by Flowbite.",
      "reads": [],
      "writes": [
        "tailwind_config_T001"
      ],
      "status": "failed",
      "output": null,
      "error": "Code execution failed: All code variants failed",
      "cost": 0.0,
      "start_time": "2025-07-01T02:18:15.861974",
      "end_time": "2025-07-01T02:18:26.463972",
      "execution_time": 10.601998
    },
    {
      "id": "T002",
      "description": "Create shared header HTML snippet with dark mode support.",
      "agent": "CoderAgent",
      "agent_prompt": "Create an HTML snippet for a website header using Tailwind CSS and Flowbite, styled for dark mode. The header should include a responsive navigation bar with a logo, links to 'About', 'Products', and 'Contact' pages, and a dark mode toggle. Ensure the header works well when the page is loaded and is visually consistent across the website. This should include the CDN links for Tailwind CSS and Flowbite.",
      "reads": [
        "tailwind_config_T001"
      ],
      "writes": [
        "header_html_T002"
      ],
      "status": "pending",
      "output": null,
      "error": null,
      "cost": 0.0,
      "start_time": null,
      "end_time": null,
      "execution_time": 0.0
    },
    {
      "id": "T003",
      "description": "Create shared footer HTML snippet with social icons, styled for dark mode.",
      "agent": "CoderAgent",
      "agent_prompt": "Create an HTML snippet for a website footer using Tailwind CSS and Flowbite, designed for dark mode. The footer should contain copyright information, links to social media platforms (e.g., Facebook, Twitter, Instagram), and any other relevant links. The footer should be responsive and visually appealing. Include CDN links for Tailwind CSS and Flowbite if necessary. Use exhaustive styling.",
      "reads": [
        "tailwind_config_T001"
      ],
      "writes": [
        "footer_html_T003"
      ],
      "status": "pending",
      "output": null,
      "error": null,
      "cost": 0.0,
      "start_time": null,
      "end_time": null,
      "execution_time": 0.0
    },
    {
      "id": "T004",
      "description": "Create index.html page (hero, features, testimonials, CTA, footer).",
      "agent": "CoderAgent",
      "agent_prompt": "Create the index.html landing page using Tailwind CSS and Flowbite, styled for dark mode. The page should include a hero section with a fullscreen background image from picsum.photos (or placeholder.com), a features section, a testimonials section, a call-to-action (CTA) section, and the shared footer. Do not use lorem ipsum. Ensure the layout is responsive. Include proper meta tags and title. Incorporate the header from `header_html_T002` and the footer from `footer_html_T003`. Link to CDN Tailwind CSS and Flowbite. Include a darkmode toggle switch from Flowbite.",
      "reads": [
        "header_html_T002",
        "footer_html_T003",
        "tailwind_config_T001"
      ],
      "writes": [
        "index_html_T004"
      ],
      "status": "pending",
      "output": null,
      "error": null,
      "cost": 0.0,
      "start_time": null,
      "end_time": null,
      "execution_time": 0.0
    },
    {
      "id": "T005",
      "description": "Create about.html page (mission statement, timeline/values, team cards).",
      "agent": "CoderAgent",
      "agent_prompt": "Create the about.html page using Tailwind CSS and Flowbite, styled for dark mode. The page should include a mission statement, a timeline or values section, and team member cards. Do not use lorem ipsum. Ensure the layout is responsive. Include proper meta tags and title. Incorporate the header from `header_html_T002` and the footer from `footer_html_T003`. Link to CDN Tailwind CSS and Flowbite. Include a darkmode toggle switch from Flowbite.",
      "reads": [
        "header_html_T002",
        "footer_html_T003",
        "tailwind_config_T001"
      ],
      "writes": [
        "about_html_T005"
      ],
      "status": "pending",
      "output": null,
      "error": null,
      "cost": 0.0,
      "start_time": null,
      "end_time": null,
      "execution_time": 0.0
    },
    {
      "id": "T006",
      "description": "Create products.html page (6–8 product cards in a grid).",
      "agent": "CoderAgent",
      "agent_prompt": "Create the products.html page using Tailwind CSS and Flowbite, styled for dark mode. The page should include 6-8 product/service cards in a grid, each with a title, description, image, and price. Include optional filters. Do not use lorem ipsum. Ensure the layout is responsive. Include proper meta tags and title. Incorporate the header from `header_html_T002` and the footer from `footer_html_T003`. Link to CDN Tailwind CSS and Flowbite. Include a darkmode toggle switch from Flowbite.",
      "reads": [
        "header_html_T002",
        "footer_html_T003",
        "tailwind_config_T001"
      ],
      "writes": [
        "products_html_T006"
      ],
      "status": "pending",
      "output": null,
      "error": null,
      "cost": 0.0,
      "start_time": null,
      "end_time": null,
      "execution_time": 0.0
    },
    {
      "id": "T007",
      "description": "Create contact.html page (contact form, map/location, support links).",
      "agent": "CoderAgent",
      "agent_prompt": "Create the contact.html page using Tailwind CSS and Flowbite, styled for dark mode. The page should include a contact form with name/email/message fields, a map placeholder or location card, and support links. Do not use lorem ipsum. Ensure the layout is responsive. Include proper meta tags and title. Incorporate the header from `header_html_T002` and the footer from `footer_html_T003`. Link to CDN Tailwind CSS and Flowbite. Include a darkmode toggle switch from Flowbite.",
      "reads": [
        "header_html_T002",
        "footer_html_T003",
        "tailwind_config_T001"
      ],
      "writes": [
        "contact_html_T007"
      ],
      "status": "pending",
      "output": null,
      "error": null,
      "cost": 0.0,
      "start_time": null,
      "end_time": null,
      "execution_time": 0.0
    },
    {
      "id": "T008",
      "description": "Add JavaScript functionality for dark mode toggle.",
      "agent": "CoderAgent",
      "agent_prompt": "Create a JavaScript file that adds functionality for the dark mode toggle switch. The script should detect the user's system preference and apply the dark mode theme accordingly. Ensure the functionality is compatible with Tailwind CSS and Flowbite and works across all pages. Output only Javascript code. The javascript code should be complete. Only consider the given Tailwind CSS and Flowbite Libraries and their examples and documentation online.",
      "reads": [],
      "writes": [
        "dark_mode_js_T008"
      ],
      "status": "failed",
      "output": null,
      "error": "Code execution failed: All code variants failed",
      "cost": 0.0,
      "start_time": "2025-07-01T02:18:15.865988",
      "end_time": "2025-07-01T02:18:26.478090",
      "execution_time": 10.612102
    },
    {
      "id": "T009",
      "description": "Integrate dark mode JavaScript into all HTML pages.",
      "agent": "CoderAgent",
      "agent_prompt": "Integrate the dark mode JavaScript from `dark_mode_js_T008` into the index.html from `index_html_T004`, about.html from `about_html_T005`, products.html from `products_html_T006`, and contact.html from `contact_html_T007`. Ensure the script is properly linked in the `<head>` section of each page, and that the dark mode toggle functions correctly. Only output the revised HTML pages.",
      "reads": [
        "dark_mode_js_T008",
        "index_html_T004",
        "about_html_T005",
        "products_html_T006",
        "contact_html_T007"
      ],
      "writes": [
        "updated_index_html_T009",
        "updated_about_html_T009",
        "updated_products_html_T009",
        "updated_contact_html_T009"
      ],
      "status": "pending",
      "output": null,
      "error": null,
      "cost": 0.0,
      "start_time": null,
      "end_time": null,
      "execution_time": 0.0
    },
    {
      "id": "T010",
      "description": "Summarize the completed website project, highlighting key features.",
      "agent": "DistillerAgent",
      "agent_prompt": "Create a summary of the complete website project, highlighting key features, technologies used (Tailwind CSS, Flowbite), and responsive design implementation across all pages (index.html, about.html, products.html, contact.html). Consider the changes applied via JavaScript to implement dark mode in the HTML files.",
      "reads": [
        "updated_index_html_T009",
        "updated_about_html_T009",
        "updated_products_html_T009",
        "updated_contact_html_T009",
        "dark_mode_js_T008",
        "tailwind_config_T001",
        "header_html_T002",
        "footer_html_T003"
      ],
      "writes": [
        "website_summary_T010"
      ],
      "status": "pending",
      "output": null,
      "error": null,
      "cost": 0.0,
      "start_time": null,
      "end_time": null,
      "execution_time": 0.0
    }
  ],
  "links": [
    {
      "source": "ROOT",
      "target": "T001"
    },
    {
      "source": "ROOT",
      "target": "T002"
    },
    {
      "source": "ROOT",
      "target": "T003"
    },
    {
      "source": "ROOT",
      "target": "T008"
    },
    {
      "source": "T001",
      "target": "T002"
    },
    {
      "source": "T001",
      "target": "T003"
    },
    {
      "source": "T001",
      "target": "T004"
    },
    {
      "source": "T001",
      "target": "T005"
    },
    {
      "source": "T001",
      "target": "T006"
    },
    {
      "source": "T001",
      "target": "T007"
    },
    {
      "source": "T001",
      "target": "T010"
    },
    {
      "source": "T002",
      "target": "T004"
    },
    {
      "source": "T002",
      "target": "T005"
    },
    {
      "source": "T002",
      "target": "T006"
    },
    {
      "source": "T002",
      "target": "T007"
    },
    {
      "source": "T002",
      "target": "T010"
    },
    {
      "source": "T003",
      "target": "T004"
    },
    {
      "source": "T003",
      "target": "T005"
    },
    {
      "source": "T003",
      "target": "T006"
    },
    {
      "source": "T003",
      "target": "T007"
    },
    {
      "source": "T003",
      "target": "T010"
    },
    {
      "source": "T004",
      "target": "T009"
    },
    {
      "source": "T005",
      "target": "T009"
    },
    {
      "source": "T006",
      "target": "T009"
    },
    {
      "source": "T007",
      "target": "T009"
    },
    {
      "source": "T008",
      "target": "T009"
    },
    {
      "source": "T008",
      "target": "T010"
    },
    {
      "source": "T009",
      "target": "T010"
    }
  ]
}