{
  "code_step_T001": "llm_chat_ui.html",
  "execution_result_T001": "Created basic HTML structure for LLM chat UI interface with header, collapsable left sidebar, and main chat window using a dark theme.",
  "code_step_T002": "llm_chat_ui.css",
  "execution_result_T002": "Created CSS styling for the LLM chat UI interface with a dark theme, modern fonts, colorful shadows, and responsiveness.",
  "code_step_T003": "script.js",
  "execution_result_T003": "Created Javascript code that implements functionality for the collapsable left sidebar and a scrollable chat window.",
  "code_step_T004": "llm_dropdown.js",
  "execution_result_T004": "Created JavaScript code for LLM model dropdown menu.",
  "code_step_T009": "styled_chat_ui.css",
  "execution_result_T009": "Created CSS styling for chat messages, differentiating between user and LLM messages, and styled the chart.",
  "code_step_T010": "chat_script.js",
  "execution_result_T010": "Created Javascript code to simulate sending and receiving new messages in the chat window."
}