{
  "code_step_T001": "llm_chat_ui.html",
  "execution_result_T001": "Created basic HTML structure for LLM chat UI interface with a dark theme, collapsable sidebar, and scrollable chat window.",
  "code_step_T002": "llm_chat_ui.html",
  "execution_result_T002": "Added a dropdown menu in the header to select LLM models.",
  "code_step_T003": "media/generated/51297260/llm_chat_ui.html",
  "execution_result_T003": "Implemented collapsible sidebar functionality with JavaScript and smooth animation."
}