{
  "code_step_T001": "llm_chat_ui.html",
  "execution_result_T001": "Created basic HTML structure for LLM chat UI interface with dark theme and collapsable sidebar.",
  "code_step_T002": "llm_chat_ui.html",
  "execution_result_T002": "Added JavaScript to toggle sidebar and CSS for transitions.",
  "code_step_T003": "media/generated/51297089/llm_chat_ui.html",
  "execution_result_T003": "Added a dropdown menu in the header for selecting different LLM models, styled to match the dark theme, and included Javascript to detect selection."
}