{
  "code_step_T001": "index.html",
  "execution_result_T001": "Created a dark-themed website index.html file with a full-screen hero section, header, and footer using Flowbite and Tailwind CSS, and a dark background image from Unsplash.",
  "code_step_T007": "about.html",
  "execution_result_T007": "Created detailed about.html page with Flowbite and Tailwind CSS, including a company mission statement and consistent design.",
  "code_step_T011": "products.html",
  "execution_result_T011": "Created a detailed HTML file for the products page of a dark-themed website using Flowbite and Tailwind CSS, including a grid layout, header, and footer sections.",
  "code_step_T015": "contact.html",
  "execution_result_T015": "Created detailed HTML file for the contact.html page with a contact form using Flowbite and Tailwind CSS, including header and footer sections.",
  "code_step_T002": "media/generated/51327649/index.html",
  "execution_result_T002": "Added a features section to the index.html page with three highlights, using Flowbite and Tailwind CSS for styling and responsiveness, with dark mode compatibility.",
  "code_step_T008": "media/generated/51327649/about.html",
  "execution_result_T008": "Added a 'Our Values' section with clear, readable content to the about.html page, ensuring dark mode compatibility and responsiveness using Flowbite and Tailwind CSS.",
  "code_step_T012": "products.html",
  "execution_result_T012": "Added 8 product cards with images, descriptions, and 'Learn More' buttons to products.html.",
  "code_step_T016": "media/generated/51327649/contact.html",
  "execution_result_T016": "Added map placeholder to contact.html with Tailwind CSS and Flowbite for dark mode and responsiveness.",
  "code_step_T003": "media/generated/51327649/index.html",
  "execution_result_T003": "Created testimonials section in index.html using Flowbite and Tailwind CSS with dark-themed cards.",
  "code_step_T009": "media/generated/51327649/about.html",
  "execution_result_T009": "Created the team member cards section in about.html using Flowbite and Tailwind CSS, ensuring dark mode compatibility and responsiveness.",
  "code_step_T013": "media/generated/51327649/products.html",
  "execution_result_T013": "Added filter/category tags with interactive filter buttons to the products.html page, ensuring dark mode compatibility and responsiveness.",
  "code_step_T017": "media/generated/51327649/contact.html",
  "execution_result_T017": "Added email and support links to the contact page using Flowbite and Tailwind CSS, ensuring dark mode compatibility and responsiveness.",
  "code_step_T004": "index.html",
  "execution_result_T004": "Created call-to-action section in index.html using Flowbite and Tailwind CSS, ensuring dark mode compatibility and responsiveness.",
  "code_step_T010": "about.html",
  "execution_result_T010": "Combined mission, values, and team sections into a complete about.html file with Tailwind CSS and dark mode styling.",
  "code_step_T014": "products.html",
  "execution_result_T014": "Combined grid layout, product cards, and category tags into a complete products.html file with Tailwind + Flowbite CDN, and a shared header/footer.",
  "code_step_T018": "contact.html",
  "execution_result_T018": "Combined contact form, map, and email/support information into a single HTML file with shared header/footer and dark mode compatibility.",
  "code_step_T005": "media/generated/51327649/index.html",
  "execution_result_T005": "Created the footer section with social icons and links, ensuring dark mode compatibility and responsiveness using Flowbite and Tailwind CSS.",
  "code_step_T006": "index.html",
  "execution_result_T006": "Combined all sections into a complete index.html file with Tailwind and Flowbite CDN setup."
}