{
  "index_html_base_T001": "index.html",
  "execution_result_T001": "Created basic HTML structure with Tailwind CSS and Flowbite for a dark-themed landing page.",
  "features_section_T002": "index.html",
  "execution_result_T002": "Added detailed features section to index.html with responsive design, dark theme, and Tailwind CSS.",
  "testimonials_section_T003": "media\\generated\\51337733\\index.html",
  "execution_result_T003": "Created detailed testimonials section in index.html using Flowbite and Tailwind CSS.",
  "result": null,
  "index_html_complete_T005": "index.html",
  "execution_result_T005": "Combined hero, features, testimonials, and footer into a complete dark-themed index.html.",
  "about_html_T006": "about.html",
  "execution_result_T006": "Created about.html with mission, timeline, and team member sections.",
  "products_html_T007": "products.html",
  "execution_result_T007": "Created detailed products.html file with Tailwind CSS and Flowbite.",
  "contact_html_T008": "contact.html",
  "execution_result_T008": "Created detailed contact.html with Flowbite, Tailwind CSS, and dark mode styles.",
  "header_T009": "header.html",
  "execution_result_T009": "Created a detailed HTML header with logo placeholder, navigation links, and dark theme support.",
  "about_html_complete_T010": "about.html",
  "execution_result_T010": "Integrated header and footer into about.html with Tailwind CSS classes for dark mode.",
  "products_html_complete_T011": "products.html",
  "execution_result_T011": "Integrated header and footer into products.html with Tailwind CSS for dark mode.",
  "contact_html_complete_T012": "contact.html",
  "execution_result_T012": "Integrated shared header and footer into the contact.html file, ensuring consistent styling and seamless integration."
}