{
  "index_html_code_T002": "index.html",
  "execution_result_T002": "Created index.html with hero section, features, testimonials, CTA, shared header and footer, and dark theme applied.",
  "about_html_code_T003": "about.html",
  "execution_result_T003": "Created about.html with mission, values, team, and responsive design",
  "products_html_code_T004": "products.html",
  "execution_result_T004": "Generated products.html page with product grid, dark theme, responsive design, and shared header/footer."
}