{
  "index_hero_section_html_T001": "index.html",
  "execution_result_T001": "Created basic HTML structure with hero section",
  "contact_email_support_html_T016": "contact.html",
  "execution_result_T016": "Created basic contact.html structure with email and support links using Flowbite with Tailwind CSS in dark mode, ensuring responsiveness.",
  "products_filter_tags_html_T012": "products_filter_tags.html",
  "execution_result_T012": "Created basic HTML structure for product filter tags",
  "code_step_T015": "contact_map.html",
  "execution_result_T015": "Created a placeholder for the contact map using Flowbite and Tailwind CSS in dark mode.",
  "result": null,
  "code_step_T002": "index_features_section_html_T002.html",
  "execution_result_T002": "Created basic Features section HTML for the landing website.",
  "code_step_T008": "about_timeline_values.html",
  "execution_result_T008": "Created timeline/values section for about.html using Flowbite and Tailwind CSS in dark mode."
}