{
  "about_html_structure_T003": "about.html",
  "execution_result_T003": "Created detailed HTML structure for the about.html page using Tailwind CSS and Flowbite in dark mode.",
  "index_html_structure_T001": "index.html",
  "execution_result_T001": "Created detailed HTML structure for the index.html (Home page) using Tailwind CSS and Flowbite in dark mode.",
  "products_html_structure_T005": "products.html",
  "execution_result_T005": "Created detailed HTML structure for the products page with Tailwind CSS and Flowbite, including a product grid, dark mode styling, and responsive design.",
  "contact_html_structure_T007": "contact.html",
  "execution_result_T007": "Created detailed HTML structure for contact.html with Tailwind CSS and Flowbite in dark mode.",
  "products_html_css_T006": "styles.css",
  "execution_result_T006": "Created detailed CSS styling for products.html with dark theme and mobile responsiveness, and linked it in the HTML head.",
  "code_step_T008": "contact.css",
  "execution_result_T008": "Created detailed CSS styling for contact.html with a dark theme, mobile responsiveness, and optimized for Flowbite and Tailwind CSS."
}