{
  "products_html_skeleton_T013": "products.html",
  "execution_result_T013": "Populated header and footer with basic content and styling.",
  "index_html_skeleton_T002": "index.html",
  "execution_result_T002": "Created basic dark-themed HTML skeleton for index.html with header and footer placeholders, and linked Tailwind and Flowbite CSS CDNs.",
  "tailwind_config_T001": "tailwind.config.js",
  "execution_result_T001": "Created exhaustive Tailwind CSS configuration for a dark-themed website with Flowbite support.",
  "about_html_skeleton_T008": "about.html",
  "execution_result_T008": "Created basic HTML structure for about.html with head, meta tags, Tailwind CSS and Flowbite CSS CDN links, and empty header and footer.",
  "index_html_hero_T003": "media/generated/51336747/index.html",
  "execution_result_T003": "Added a hero section to index.html with a fullscreen background image, dark overlay, heading, description, and call-to-action button, integrating it into the existing structure.",
  "contact_html_skeleton_T017": "contact.html",
  "execution_result_T017": "Created basic HTML structure for contact.html with Tailwind CSS and Flowbite CSS CDNs.",
  "about_html_mission_T009": "media/generated/51336747/about.html",
  "execution_result_T009": "Added mission statement section to about.html using Tailwind CSS and Flowbite, styled for dark theme.",
  "index_html_features_T004": "media/generated/51336747/index.html",
  "execution_result_T004": "Added a features section to the index.html page below the hero section using Tailwind CSS and Flowbite.",
  "contact_html_form_T018": "contact.html",
  "execution_result_T018": "Added a contact form to the contact.html page with Tailwind CSS and Flowbite, including fields for name, email, and message, styled for dark theme with validation and responsiveness.",
  "about_html_timeline_T010": "about.html",
  "execution_result_T010": "Added a timeline section to the about.html page using Tailwind CSS and Flowbite.",
  "index_html_testimonials_T005": "media/generated/51336747/index.html",
  "execution_result_T005": "Added testimonials section to index.html using Tailwind CSS and Flowbite, with responsive design and dark theme styling.",
  "contact_html_map_T019": "media/generated/51336747/contact.html",
  "execution_result_T019": "Added a location card with company address and contact details to contact.html, styled with Tailwind CSS and Flowbite to fit the dark theme.",
  "index_html_cta_T006": "media/generated/51336747/index.html",
  "execution_result_T006": "Added a call-to-action section to index.html below the testimonials section with Tailwind CSS and Flowbite, including a compelling headline and a prominent CTA button styled for a dark theme and ensured responsiveness.",
  "contact_html_support_T020": "media/generated/51336747/contact.html",
  "execution_result_T020": "Added support links section to contact.html with Tailwind CSS and Flowbite styling.",
  "contact_html_complete_T021": "contact.html",
  "execution_result_T021": "Completed contact.html page by integrating the contact form, map placeholder/location card, and support links, styled with the Tailwind CSS dark theme."
}