{
  "directed": true,
  "multigraph": false,
  "graph": {
    "session_id": "51595998",
    "original_query": "Create a responsive, professional single-page CV Builder using Tailwind CSS + Flowbite via CDN (no build tools) in pure HTML/CSS/JS, with a 3-column layout:Left column: dark background, vertical menu with icons and text (sections: Personal Information, Work Experience, Education, Skills, Certifications, Templates), a progress bar at top, an “Export as PDF” button and a “Reset Form” button at bottom.Center column: shows the active form section, styled with Flowbite components (cards, inputs, select, file upload), smooth transitions, consistent spacing, and minimalist borders/shadows.Right column: live CV Preview styled like a professional resume, with section-wise entries updating in real time based on user input; optimized for print/export and styled in white background with rich black text.Maintain a modern black-and-white theme, beautiful sans-serif font (e.g. DM Sans or Inter), clear headers, icons, spacing, and button styles.Make layout mobile/tablet responsive using Tailwind utilities.Ensure PDF export, form reset, and section navigation work with minimal JS.Call CoderAgent in 8–10 detailed steps: layout skeleton, Tailwind/Flowbite setup, left nav build, section forms, live preview, JS sync logic, PDF export, responsive tweaks, print styles, polish spacing + font sizing.",
    "file_manifest": [],
    "created_at": "2025-07-04T02:26:38.677840",
    "status": "running",
    "output_chain": {
      "T001": {
        "initial_thoughts": "Okay, I need to generate the initial HTML structure for the CV builder with a three-column layout using Tailwind CSS grid. This involves creating the basic HTML file with the necessary Tailwind and Flowbite CDN links and setting up the grid structure with placeholders for the left navigation, central form sections, and right-side live preview. The structure should be responsive and adapt well to different screen sizes using Tailwind's responsive utilities. I will use direct file creation for this task.",
        "output": {},
        "call_self": false,
        "files": {
          "index.html": "<!DOCTYPE html><html lang=\"en\"><head><meta charset=\"UTF-8\"><meta name=\"viewport\" content=\"width=device-width, initial-scale=1.0\"><title>CV Builder</title><link href=\"https://cdn.jsdelivr.net/npm/tailwindcss@2.2.19/dist/tailwind.min.css\" rel=\"stylesheet\"><link rel=\"stylesheet\" href=\"https://unpkg.com/flowbite@1.5.5/dist/flowbite.min.css\" /></head><body class=\"bg-gray-100 font-sans\"><div class=\"grid grid-cols-1 md:grid-cols-3 h-screen\"><aside class=\"bg-gray-800 text-white p-4\"><!-- Left Navigation --></aside><main class=\"bg-white p-4\"><!-- Central Form Sections --></main><aside class=\"bg-gray-100 p-4 border-l border-gray-300\"><!-- Right-side Live Preview --></aside></div><script src=\"https://unpkg.com/flowbite@1.5.5/dist/flowbite.js\"></script></body></html>"
        },
        "cost": 0.00042615,
        "input_tokens": 2043.0,
        "output_tokens": 199.5,
        "total_tokens": 2242.5,
        "execution_result": {
          "status": "success",
          "session_id": "51595998",
          "operations": [
            "direct_files"
          ],
          "created_files": [
            "media\\generated\\51595998\\index.html"
          ],
          "file_results": {
            "created_files": [
              "media\\generated\\51595998\\index.html"
            ],
            "file_count": 1,
            "total_size": 765,
            "status": "success",
            "errors": [],
            "execution_time": 0.0024473000084981322
          },
          "code_results": {},
          "total_time": 0.005467800016049296,
          "error": null
        },
        "created_files": [
          "media\\generated\\51595998\\index.html"
        ]
      },
      "T002": {
        "initial_thoughts": "Okay, I need to update the existing `index.html` file by adding meta viewport tag, basic CSS resets and also including CDN links for Tailwind CSS and Flowbite.  I'll modify the file content directly by inserting the necessary tags and styles into the `<head>` section, as well as add a simple CSS reset at the top of the `<style>` tag. This should enhance the responsiveness and ensure a consistent baseline style for the CV builder. I will use direct file creation for this task.",
        "output": {},
        "call_self": false,
        "files": {
          "index.html": "<!DOCTYPE html><html lang=\"en\"><head><meta charset=\"UTF-8\"><meta name=\"viewport\" content=\"width=device-width, initial-scale=1.0\"><title>CV Builder</title><link href=\"https://cdn.jsdelivr.net/npm/tailwindcss@2.2.19/dist/tailwind.min.css\" rel=\"stylesheet\"><link rel=\"stylesheet\" href=\"https://unpkg.com/flowbite@1.5.5/dist/flowbite.min.css\" /><style>/* Basic CSS Reset */body {margin: 0;padding: 0;box-sizing: border-box;}/* Add more reset styles as needed */</style></head><body class=\"bg-gray-100 font-sans\"><div class=\"grid grid-cols-1 md:grid-cols-3 h-screen\"><aside class=\"bg-gray-800 text-white p-4\"><!-- Left Navigation --></aside><main class=\"bg-white p-4\"><!-- Central Form Sections --></main><aside class=\"bg-gray-100 p-4 border-l border-gray-300\"><!-- Right-side Live Preview --></aside></div><script src=\"https://unpkg.com/flowbite@1.5.5/dist/flowbite.js\"></script></body></html>"
        },
        "cost": 0.00048059999999999997,
        "input_tokens": 2298.0,
        "output_tokens": 226.5,
        "total_tokens": 2524.5,
        "execution_result": {
          "status": "success",
          "session_id": "51595998",
          "operations": [
            "direct_files"
          ],
          "created_files": [
            "media\\generated\\51595998\\index.html"
          ],
          "file_results": {
            "created_files": [
              "media\\generated\\51595998\\index.html"
            ],
            "file_count": 1,
            "total_size": 889,
            "status": "success",
            "errors": [],
            "execution_time": 0.0025533000007271767
          },
          "code_results": {},
          "total_time": 0.005903599987505004,
          "error": null
        },
        "created_files": [
          "media\\generated\\51595998\\index.html"
        ]
      },
      "T003": {
        "initial_thoughts": "Okay, I need to create the left vertical navigation menu within the existing `index.html` file. I will use Tailwind CSS classes for styling. The menu should be fixed to the left side of the screen and include a progress bar at the top, icons and text for the specified sections, and 'Export as PDF' and 'Reset Form' buttons at the bottom. I'll read the content of the existing `index.html` file, modify the `<aside>` tag content with the navigation menu and progress bar and buttons, and then write back the updated content to the same file. I'll use direct file creation for this task.",
        "output": {},
        "call_self": false,
        "files": {
          "index.html": "<!DOCTYPE html><html lang=\"en\"><head><meta charset=\"UTF-8\"><meta name=\"viewport\" content=\"width=device-width, initial-scale=1.0\"><title>CV Builder</title><link href=\"https://cdn.jsdelivr.net/npm/tailwindcss@2.2.19/dist/tailwind.min.css\" rel=\"stylesheet\"><link rel=\"stylesheet\" href=\"https://unpkg.com/flowbite@1.5.5/dist/flowbite.min.css\" /><link rel=\"stylesheet\" href=\"https://cdnjs.cloudflare.com/ajax/libs/font-awesome/6.0.0/css/all.min.css\" integrity=\"sha512-9usAa10IRO0HhonpyAIVpjrylPvoDwiPUiKdWk5t3PyolY1cOd4DSE0Ga+ri4AuTroPR5aQvXU9xC6qOPnzFeg==",
          "margin": 0,
          "padding": 0,
          "box-sizing": "border-box;}/* Add more reset styles as needed */</style></head><body class=\"bg-gray-100 font-sans\"><div class=\"grid grid-cols-1 md:grid-cols-3 h-screen\"><aside class=\"bg-gray-800 text-white p-4 fixed h-full w-full md:w-64\"><div class=\"mb-4\"><div class=\"w-full bg-gray-700 rounded-full h-2.5 dark:bg-gray-700\"><div class=\"bg-green-500 h-2.5 rounded-full\" style=\"width: 25%\"></div></div></div><nav><ul class=\"space-y-2\"><li class=\"hover:bg-gray-700 rounded\"><a href=\"#personal-info\" class=\"flex items-center p-2\"><i class=\"fas fa-user mr-2\"></i>Personal Information</a></li><li class=\"hover:bg-gray-700 rounded\"><a href=\"#work-experience\" class=\"flex items-center p-2\"><i class=\"fas fa-briefcase mr-2\"></i>Work Experience</a></li><li class=\"hover:bg-gray-700 rounded\"><a href=\"#education\" class=\"flex items-center p-2\"><i class=\"fas fa-graduation-cap mr-2\"></i>Education</a></li><li class=\"hover:bg-gray-700 rounded\"><a href=\"#skills\" class=\"flex items-center p-2\"><i class=\"fas fa-code mr-2\"></i>Skills</a></li><li class=\"hover:bg-gray-700 rounded\"><a href=\"#certifications\" class=\"flex items-center p-2\"><i class=\"fas fa-certificate mr-2\"></i>Certifications</a></li><li class=\"hover:bg-gray-700 rounded\"><a href=\"#templates\" class=\"flex items-center p-2\"><i class=\"fas fa-file mr-2\"></i>Templates</a></li></ul></nav><div class=\"mt-auto absolute bottom-4\"><button class=\"bg-blue-500 hover:bg-blue-700 text-white font-bold py-2 px-4 rounded mb-2 w-full\"><i class=\"fas fa-file-pdf mr-2\"></i>Export as PDF</button><button class=\"bg-red-500 hover:bg-red-700 text-white font-bold py-2 px-4 rounded w-full\"><i class=\"fas fa-undo mr-2\"></i>Reset Form</button></div></aside><main class=\"bg-white p-4 md:ml-64\"><!-- Central Form Sections --></main><aside class=\"bg-gray-100 p-4 border-l border-gray-300\"><!-- Right-side Live Preview --></aside></div><script src=\"https://unpkg.com/flowbite@1.5.5/dist/flowbite.js\"></script></body></html>"
        },
        "cost": 0.00060435,
        "input_tokens": 2373.0,
        "output_tokens": 414.0,
        "total_tokens": 2787.0
      },
      "T004": {
        "initial_thoughts": "Okay, I need to implement the 'Personal Information' form section in the center column of the `index.html` file, using Flowbite components styled with Tailwind CSS. I will read the existing `index.html` file, insert the form elements within the `<main>` tag, ensuring smooth transitions, consistent spacing, and minimalist styling. I'll use input fields for name, address, phone number, email, and a file upload for the profile picture. I'll use direct file creation for this task.",
        "output": {},
        "call_self": false,
        "files": {
          "index.html": "<!DOCTYPE html><html lang=\"en\"><head><meta charset=\"UTF-8\"><meta name=\"viewport\" content=\"width=device-width, initial-scale=1.0\"><title>CV Builder</title><link href=\"https://cdn.jsdelivr.net/npm/tailwindcss@2.2.19/dist/tailwind.min.css\" rel=\"stylesheet\"><link rel=\"stylesheet\" href=\"https://unpkg.com/flowbite@1.5.5/dist/flowbite.min.css\" /><link rel=\"stylesheet\" href=\"https://cdnjs.cloudflare.com/ajax/libs/font-awesome/6.0.0/css/all.min.css\" integrity=\"sha512-9usAa10IRO0HhonpyAIVpjrylPvoDwiPUiKdWk5t3PyolY1cOd4DSE0Ga+ri4AuTroPR5aQvXU9xC6qOPnzFeg==\" crossorigin=\"anonymous\" referrerpolicy=\"no-referrer\" /><style>body{margin: 0;padding: 0;box-sizing: border-box;}/* Add more reset styles as needed */</style></head><body class=\"bg-gray-100 font-sans\"><div class=\"grid grid-cols-1 md:grid-cols-3 h-screen\"><aside class=\"bg-gray-800 text-white p-4 fixed h-full w-full md:w-64\"><div class=\"mb-4\"><div class=\"w-full bg-gray-700 rounded-full h-2.5 dark:bg-gray-700\"><div class=\"bg-green-500 h-2.5 rounded-full\" style=\"width: 25%\"></div></div></div><nav><ul class=\"space-y-2\"><li class=\"hover:bg-gray-700 rounded\"><a href=\"#personal-info\" class=\"flex items-center p-2\"><i class=\"fas fa-user mr-2\"></i>Personal Information</a></li><li class=\"hover:bg-gray-700 rounded\"><a href=\"#work-experience\" class=\"flex items-center p-2\"><i class=\"fas fa-briefcase mr-2\"></i>Work Experience</a></li><li class=\"hover:bg-gray-700 rounded\"><a href=\"#education\" class=\"flex items-center p-2\"><i class=\"fas fa-graduation-cap mr-2\"></i>Education</a></li><li class=\"hover:bg-gray-700 rounded\"><a href=\"#skills\" class=\"flex items-center p-2\"><i class=\"fas fa-code mr-2\"></i>Skills</a></li><li class=\"hover:bg-gray-700 rounded\"><a href=\"#certifications\" class=\"flex items-center p-2\"><i class=\"fas fa-certificate mr-2\"></i>Certifications</a></li><li class=\"hover:bg-gray-700 rounded\"><a href=\"#templates\" class=\"flex items-center p-2\"><i class=\"fas fa-file mr-2\"></i>Templates</a></li></ul></nav><div class=\"mt-auto absolute bottom-4\"><button class=\"bg-blue-500 hover:bg-blue-700 text-white font-bold py-2 px-4 rounded mb-2 w-full\"><i class=\"fas fa-file-pdf mr-2\"></i>Export as PDF</button><button class=\"bg-red-500 hover:bg-red-700 text-white font-bold py-2 px-4 rounded w-full\"><i class=\"fas fa-undo mr-2\"></i>Reset Form</button></div></aside><main class=\"bg-white p-4 md:ml-64\"><div class=\"transition duration-300\"><div class=\"mb-4\"><h2 class=\"text-2xl font-semibold\">Personal Information</h2><p class=\"text-gray-600\">Enter your personal details</p></div><div class=\"bg-white shadow rounded-lg p-6\"><form><div class=\"mb-4\"><label for=\"name\" class=\"block text-gray-700 text-sm font-bold mb-2\">Name</label><input type=\"text\" id=\"name\" class=\"shadow appearance-none border rounded w-full py-2 px-3 text-gray-700 leading-tight focus:outline-none focus:shadow-outline\" placeholder=\"Your Name\"></div><div class=\"mb-4\"><label for=\"address\" class=\"block text-gray-700 text-sm font-bold mb-2\">Address</label><input type=\"text\" id=\"address\" class=\"shadow appearance-none border rounded w-full py-2 px-3 text-gray-700 leading-tight focus:outline-none focus:shadow-outline\" placeholder=\"Your Address\"></div><div class=\"mb-4\"><label for=\"phone\" class=\"block text-gray-700 text-sm font-bold mb-2\">Phone Number</label><input type=\"tel\" id=\"phone\" class=\"shadow appearance-none border rounded w-full py-2 px-3 text-gray-700 leading-tight focus:outline-none focus:shadow-outline\" placeholder=\"Your Phone Number\"></div><div class=\"mb-4\"><label for=\"email\" class=\"block text-gray-700 text-sm font-bold mb-2\">Email Address</label><input type=\"email\" id=\"email\" class=\"shadow appearance-none border rounded w-full py-2 px-3 text-gray-700 leading-tight focus:outline-none focus:shadow-outline\" placeholder=\"Your Email Address\"></div><div class=\"mb-6\"><label class=\"block text-gray-700 text-sm font-bold mb-2\" for=\"profile-picture\">Profile Picture</label><input class=\"shadow appearance-none border rounded w-full py-2 px-3 text-gray-700 leading-tight focus:outline-none focus:shadow-outline\" id=\"profile-picture\" type=\"file\"></div><button class=\"bg-blue-500 hover:bg-blue-700 text-white font-bold py-2 px-4 rounded focus:outline-none focus:shadow-outline\" type=\"submit\">Save</button></form></div></div></main><aside class=\"bg-gray-100 p-4 border-l border-gray-300\"><!-- Right-side Live Preview --></aside></div><script src=\"https://unpkg.com/flowbite@1.5.5/dist/flowbite.js\"></script></body></html>"
        },
        "cost": 0.0007076249999999999,
        "input_tokens": 2467.5,
        "output_tokens": 562.5,
        "total_tokens": 3030.0,
        "execution_result": {
          "status": "success",
          "session_id": "51595998",
          "operations": [
            "direct_files"
          ],
          "created_files": [
            "media\\generated\\51595998\\index.html"
          ],
          "file_results": {
            "created_files": [
              "media\\generated\\51595998\\index.html"
            ],
            "file_count": 1,
            "total_size": 4453,
            "status": "success",
            "errors": [],
            "execution_time": 0.002306999987922609
          },
          "code_results": {},
          "total_time": 0.005792800016934052,
          "error": null
        },
        "created_files": [
          "media\\generated\\51595998\\index.html"
        ]
      }
    },
    "validation_results": {
      "is_valid": true,
      "is_dag": true,
      "cycles": [],
      "disconnected_components": [],
      "orphaned_nodes": [],
      "root_nodes": [],
      "leaf_nodes": [
        "T014"
      ],
      "warnings": [],
      "errors": []
    }
  },
  "nodes": [
    {
      "description": "Initial Query",
      "agent": "System",
      "status": "completed",
      "id": "ROOT"
    },
    {
      "id": "T001",
      "description": "Create the basic HTML structure for the single-page CV builder with three columns: left navigation, center form, and right preview.",
      "agent": "CoderAgent",
      "agent_prompt": "Generate the initial HTML structure for the CV builder with a three-column layout using Tailwind CSS grid. Include placeholders for the left navigation, central form sections, and right-side live preview. Make sure the structure is responsive and adapts well to different screen sizes.",
      "reads": [],
      "writes": [
        "T001"
      ],
      "status": "completed",
      "output": {
        "initial_thoughts": "Okay, I need to generate the initial HTML structure for the CV builder with a three-column layout using Tailwind CSS grid. This involves creating the basic HTML file with the necessary Tailwind and Flowbite CDN links and setting up the grid structure with placeholders for the left navigation, central form sections, and right-side live preview. The structure should be responsive and adapt well to different screen sizes using Tailwind's responsive utilities. I will use direct file creation for this task.",
        "output": {},
        "call_self": false,
        "files": {
          "index.html": "<!DOCTYPE html><html lang=\"en\"><head><meta charset=\"UTF-8\"><meta name=\"viewport\" content=\"width=device-width, initial-scale=1.0\"><title>CV Builder</title><link href=\"https://cdn.jsdelivr.net/npm/tailwindcss@2.2.19/dist/tailwind.min.css\" rel=\"stylesheet\"><link rel=\"stylesheet\" href=\"https://unpkg.com/flowbite@1.5.5/dist/flowbite.min.css\" /></head><body class=\"bg-gray-100 font-sans\"><div class=\"grid grid-cols-1 md:grid-cols-3 h-screen\"><aside class=\"bg-gray-800 text-white p-4\"><!-- Left Navigation --></aside><main class=\"bg-white p-4\"><!-- Central Form Sections --></main><aside class=\"bg-gray-100 p-4 border-l border-gray-300\"><!-- Right-side Live Preview --></aside></div><script src=\"https://unpkg.com/flowbite@1.5.5/dist/flowbite.js\"></script></body></html>"
        },
        "cost": 0.00042615,
        "input_tokens": 2043.0,
        "output_tokens": 199.5,
        "total_tokens": 2242.5,
        "execution_result": {
          "status": "success",
          "session_id": "51595998",
          "operations": [
            "direct_files"
          ],
          "created_files": [
            "media\\generated\\51595998\\index.html"
          ],
          "file_results": {
            "created_files": [
              "media\\generated\\51595998\\index.html"
            ],
            "file_count": 1,
            "total_size": 765,
            "status": "success",
            "errors": [],
            "execution_time": 0.0024473000084981322
          },
          "code_results": {},
          "total_time": 0.005467800016049296,
          "error": null
        },
        "created_files": [
          "media\\generated\\51595998\\index.html"
        ]
      },
      "error": null,
      "cost": 0.0,
      "start_time": "2025-07-04T02:26:38.715826",
      "end_time": "2025-07-04T02:26:43.053617",
      "execution_time": 4.337791,
      "execution_result": {
        "status": "success",
        "session_id": "51595998",
        "operations": [
          "direct_files"
        ],
        "created_files": [
          "media\\generated\\51595998\\index.html"
        ],
        "file_results": {
          "created_files": [
            "media\\generated\\51595998\\index.html"
          ],
          "file_count": 1,
          "total_size": 765,
          "status": "success",
          "errors": [],
          "execution_time": 0.0024473000084981322
        },
        "code_results": {},
        "total_time": 0.005467800016049296,
        "error": null
      },
      "input_tokens": 0,
      "output_tokens": 0
    },
    {
      "id": "T002",
      "description": "Set up Tailwind CSS and Flowbite via CDN links in the HTML head section.",
      "agent": "CoderAgent",
      "agent_prompt": "Add the necessary CDN links for Tailwind CSS and Flowbite to the HTML head section of the CV builder. Include the meta viewport tag for responsiveness. Also add basic CSS resets.",
      "reads": [
        "T001"
      ],
      "writes": [
        "T002"
      ],
      "status": "completed",
      "output": {
        "initial_thoughts": "Okay, I need to update the existing `index.html` file by adding meta viewport tag, basic CSS resets and also including CDN links for Tailwind CSS and Flowbite.  I'll modify the file content directly by inserting the necessary tags and styles into the `<head>` section, as well as add a simple CSS reset at the top of the `<style>` tag. This should enhance the responsiveness and ensure a consistent baseline style for the CV builder. I will use direct file creation for this task.",
        "output": {},
        "call_self": false,
        "files": {
          "index.html": "<!DOCTYPE html><html lang=\"en\"><head><meta charset=\"UTF-8\"><meta name=\"viewport\" content=\"width=device-width, initial-scale=1.0\"><title>CV Builder</title><link href=\"https://cdn.jsdelivr.net/npm/tailwindcss@2.2.19/dist/tailwind.min.css\" rel=\"stylesheet\"><link rel=\"stylesheet\" href=\"https://unpkg.com/flowbite@1.5.5/dist/flowbite.min.css\" /><style>/* Basic CSS Reset */body {margin: 0;padding: 0;box-sizing: border-box;}/* Add more reset styles as needed */</style></head><body class=\"bg-gray-100 font-sans\"><div class=\"grid grid-cols-1 md:grid-cols-3 h-screen\"><aside class=\"bg-gray-800 text-white p-4\"><!-- Left Navigation --></aside><main class=\"bg-white p-4\"><!-- Central Form Sections --></main><aside class=\"bg-gray-100 p-4 border-l border-gray-300\"><!-- Right-side Live Preview --></aside></div><script src=\"https://unpkg.com/flowbite@1.5.5/dist/flowbite.js\"></script></body></html>"
        },
        "cost": 0.00048059999999999997,
        "input_tokens": 2298.0,
        "output_tokens": 226.5,
        "total_tokens": 2524.5,
        "execution_result": {
          "status": "success",
          "session_id": "51595998",
          "operations": [
            "direct_files"
          ],
          "created_files": [
            "media\\generated\\51595998\\index.html"
          ],
          "file_results": {
            "created_files": [
              "media\\generated\\51595998\\index.html"
            ],
            "file_count": 1,
            "total_size": 889,
            "status": "success",
            "errors": [],
            "execution_time": 0.0025533000007271767
          },
          "code_results": {},
          "total_time": 0.005903599987505004,
          "error": null
        },
        "created_files": [
          "media\\generated\\51595998\\index.html"
        ]
      },
      "error": null,
      "cost": 0.0,
      "start_time": "2025-07-04T02:26:43.085623",
      "end_time": "2025-07-04T02:26:47.670669",
      "execution_time": 4.585046,
      "execution_result": {
        "status": "success",
        "session_id": "51595998",
        "operations": [
          "direct_files"
        ],
        "created_files": [
          "media\\generated\\51595998\\index.html"
        ],
        "file_results": {
          "created_files": [
            "media\\generated\\51595998\\index.html"
          ],
          "file_count": 1,
          "total_size": 889,
          "status": "success",
          "errors": [],
          "execution_time": 0.0025533000007271767
        },
        "code_results": {},
        "total_time": 0.005903599987505004,
        "error": null
      },
      "input_tokens": 0,
      "output_tokens": 0
    },
    {
      "id": "T003",
      "description": "Build the left vertical navigation menu with icons and text for each section: Personal Information, Work Experience, Education, Skills, Certifications, and Templates.",
      "agent": "CoderAgent",
      "agent_prompt": "Create the left vertical navigation menu using Tailwind CSS. The menu should have a dark background, icons, and text for each section: Personal Information, Work Experience, Education, Skills, Certifications, and Templates. Ensure the menu is fixed to the left side of the screen and styled with a progress bar at the top and 'Export as PDF' and 'Reset Form' buttons at the bottom.",
      "reads": [
        "T002"
      ],
      "writes": [
        "T003"
      ],
      "status": "completed",
      "output": {
        "initial_thoughts": "Okay, I need to create the left vertical navigation menu within the existing `index.html` file. I will use Tailwind CSS classes for styling. The menu should be fixed to the left side of the screen and include a progress bar at the top, icons and text for the specified sections, and 'Export as PDF' and 'Reset Form' buttons at the bottom. I'll read the content of the existing `index.html` file, modify the `<aside>` tag content with the navigation menu and progress bar and buttons, and then write back the updated content to the same file. I'll use direct file creation for this task.",
        "output": {},
        "call_self": false,
        "files": {
          "index.html": "<!DOCTYPE html><html lang=\"en\"><head><meta charset=\"UTF-8\"><meta name=\"viewport\" content=\"width=device-width, initial-scale=1.0\"><title>CV Builder</title><link href=\"https://cdn.jsdelivr.net/npm/tailwindcss@2.2.19/dist/tailwind.min.css\" rel=\"stylesheet\"><link rel=\"stylesheet\" href=\"https://unpkg.com/flowbite@1.5.5/dist/flowbite.min.css\" /><link rel=\"stylesheet\" href=\"https://cdnjs.cloudflare.com/ajax/libs/font-awesome/6.0.0/css/all.min.css\" integrity=\"sha512-9usAa10IRO0HhonpyAIVpjrylPvoDwiPUiKdWk5t3PyolY1cOd4DSE0Ga+ri4AuTroPR5aQvXU9xC6qOPnzFeg==",
          "margin": 0,
          "padding": 0,
          "box-sizing": "border-box;}/* Add more reset styles as needed */</style></head><body class=\"bg-gray-100 font-sans\"><div class=\"grid grid-cols-1 md:grid-cols-3 h-screen\"><aside class=\"bg-gray-800 text-white p-4 fixed h-full w-full md:w-64\"><div class=\"mb-4\"><div class=\"w-full bg-gray-700 rounded-full h-2.5 dark:bg-gray-700\"><div class=\"bg-green-500 h-2.5 rounded-full\" style=\"width: 25%\"></div></div></div><nav><ul class=\"space-y-2\"><li class=\"hover:bg-gray-700 rounded\"><a href=\"#personal-info\" class=\"flex items-center p-2\"><i class=\"fas fa-user mr-2\"></i>Personal Information</a></li><li class=\"hover:bg-gray-700 rounded\"><a href=\"#work-experience\" class=\"flex items-center p-2\"><i class=\"fas fa-briefcase mr-2\"></i>Work Experience</a></li><li class=\"hover:bg-gray-700 rounded\"><a href=\"#education\" class=\"flex items-center p-2\"><i class=\"fas fa-graduation-cap mr-2\"></i>Education</a></li><li class=\"hover:bg-gray-700 rounded\"><a href=\"#skills\" class=\"flex items-center p-2\"><i class=\"fas fa-code mr-2\"></i>Skills</a></li><li class=\"hover:bg-gray-700 rounded\"><a href=\"#certifications\" class=\"flex items-center p-2\"><i class=\"fas fa-certificate mr-2\"></i>Certifications</a></li><li class=\"hover:bg-gray-700 rounded\"><a href=\"#templates\" class=\"flex items-center p-2\"><i class=\"fas fa-file mr-2\"></i>Templates</a></li></ul></nav><div class=\"mt-auto absolute bottom-4\"><button class=\"bg-blue-500 hover:bg-blue-700 text-white font-bold py-2 px-4 rounded mb-2 w-full\"><i class=\"fas fa-file-pdf mr-2\"></i>Export as PDF</button><button class=\"bg-red-500 hover:bg-red-700 text-white font-bold py-2 px-4 rounded w-full\"><i class=\"fas fa-undo mr-2\"></i>Reset Form</button></div></aside><main class=\"bg-white p-4 md:ml-64\"><!-- Central Form Sections --></main><aside class=\"bg-gray-100 p-4 border-l border-gray-300\"><!-- Right-side Live Preview --></aside></div><script src=\"https://unpkg.com/flowbite@1.5.5/dist/flowbite.js\"></script></body></html>"
        },
        "cost": 0.00060435,
        "input_tokens": 2373.0,
        "output_tokens": 414.0,
        "total_tokens": 2787.0
      },
      "error": null,
      "cost": 0.0,
      "start_time": "2025-07-04T02:26:47.701663",
      "end_time": "2025-07-04T02:26:56.250845",
      "execution_time": 8.549182,
      "execution_result": {
        "status": "partial_failure",
        "session_id": "51595998",
        "operations": [
          "direct_files"
        ],
        "created_files": [
          "media\\generated\\51595998\\index.html",
          "media\\generated\\51595998\\box-sizing"
        ],
        "file_results": {
          "created_files": [
            "media\\generated\\51595998\\index.html",
            "media\\generated\\51595998\\box-sizing"
          ],
          "file_count": 2,
          "total_size": 2479,
          "status": "partial_failure",
          "errors": [
            "Failed to create margin: write() argument must be str, not int",
            "Failed to create padding: write() argument must be str, not int"
          ],
          "execution_time": 0.005929899984039366
        },
        "code_results": {},
        "total_time": 0.009252399991964921,
        "error": "File creation issues: ['Failed to create margin: write() argument must be str, not int', 'Failed to create padding: write() argument must be str, not int']"
      },
      "input_tokens": 0,
      "output_tokens": 0
    },
    {
      "id": "T004",
      "description": "Implement the Personal Information form section using Flowbite components, including input fields for name, address, phone number, email, and a file upload for the profile picture.",
      "agent": "CoderAgent",
      "agent_prompt": "Implement the 'Personal Information' form section in the center column using Flowbite components such as cards, inputs, and file upload. Include input fields for name, address, phone number, email, and a file upload for the profile picture. Style the form with smooth transitions, consistent spacing, and minimalist borders/shadows.",
      "reads": [
        "T003"
      ],
      "writes": [
        "T004"
      ],
      "status": "completed",
      "output": {
        "initial_thoughts": "Okay, I need to implement the 'Personal Information' form section in the center column of the `index.html` file, using Flowbite components styled with Tailwind CSS. I will read the existing `index.html` file, insert the form elements within the `<main>` tag, ensuring smooth transitions, consistent spacing, and minimalist styling. I'll use input fields for name, address, phone number, email, and a file upload for the profile picture. I'll use direct file creation for this task.",
        "output": {},
        "call_self": false,
        "files": {
          "index.html": "<!DOCTYPE html><html lang=\"en\"><head><meta charset=\"UTF-8\"><meta name=\"viewport\" content=\"width=device-width, initial-scale=1.0\"><title>CV Builder</title><link href=\"https://cdn.jsdelivr.net/npm/tailwindcss@2.2.19/dist/tailwind.min.css\" rel=\"stylesheet\"><link rel=\"stylesheet\" href=\"https://unpkg.com/flowbite@1.5.5/dist/flowbite.min.css\" /><link rel=\"stylesheet\" href=\"https://cdnjs.cloudflare.com/ajax/libs/font-awesome/6.0.0/css/all.min.css\" integrity=\"sha512-9usAa10IRO0HhonpyAIVpjrylPvoDwiPUiKdWk5t3PyolY1cOd4DSE0Ga+ri4AuTroPR5aQvXU9xC6qOPnzFeg==\" crossorigin=\"anonymous\" referrerpolicy=\"no-referrer\" /><style>body{margin: 0;padding: 0;box-sizing: border-box;}/* Add more reset styles as needed */</style></head><body class=\"bg-gray-100 font-sans\"><div class=\"grid grid-cols-1 md:grid-cols-3 h-screen\"><aside class=\"bg-gray-800 text-white p-4 fixed h-full w-full md:w-64\"><div class=\"mb-4\"><div class=\"w-full bg-gray-700 rounded-full h-2.5 dark:bg-gray-700\"><div class=\"bg-green-500 h-2.5 rounded-full\" style=\"width: 25%\"></div></div></div><nav><ul class=\"space-y-2\"><li class=\"hover:bg-gray-700 rounded\"><a href=\"#personal-info\" class=\"flex items-center p-2\"><i class=\"fas fa-user mr-2\"></i>Personal Information</a></li><li class=\"hover:bg-gray-700 rounded\"><a href=\"#work-experience\" class=\"flex items-center p-2\"><i class=\"fas fa-briefcase mr-2\"></i>Work Experience</a></li><li class=\"hover:bg-gray-700 rounded\"><a href=\"#education\" class=\"flex items-center p-2\"><i class=\"fas fa-graduation-cap mr-2\"></i>Education</a></li><li class=\"hover:bg-gray-700 rounded\"><a href=\"#skills\" class=\"flex items-center p-2\"><i class=\"fas fa-code mr-2\"></i>Skills</a></li><li class=\"hover:bg-gray-700 rounded\"><a href=\"#certifications\" class=\"flex items-center p-2\"><i class=\"fas fa-certificate mr-2\"></i>Certifications</a></li><li class=\"hover:bg-gray-700 rounded\"><a href=\"#templates\" class=\"flex items-center p-2\"><i class=\"fas fa-file mr-2\"></i>Templates</a></li></ul></nav><div class=\"mt-auto absolute bottom-4\"><button class=\"bg-blue-500 hover:bg-blue-700 text-white font-bold py-2 px-4 rounded mb-2 w-full\"><i class=\"fas fa-file-pdf mr-2\"></i>Export as PDF</button><button class=\"bg-red-500 hover:bg-red-700 text-white font-bold py-2 px-4 rounded w-full\"><i class=\"fas fa-undo mr-2\"></i>Reset Form</button></div></aside><main class=\"bg-white p-4 md:ml-64\"><div class=\"transition duration-300\"><div class=\"mb-4\"><h2 class=\"text-2xl font-semibold\">Personal Information</h2><p class=\"text-gray-600\">Enter your personal details</p></div><div class=\"bg-white shadow rounded-lg p-6\"><form><div class=\"mb-4\"><label for=\"name\" class=\"block text-gray-700 text-sm font-bold mb-2\">Name</label><input type=\"text\" id=\"name\" class=\"shadow appearance-none border rounded w-full py-2 px-3 text-gray-700 leading-tight focus:outline-none focus:shadow-outline\" placeholder=\"Your Name\"></div><div class=\"mb-4\"><label for=\"address\" class=\"block text-gray-700 text-sm font-bold mb-2\">Address</label><input type=\"text\" id=\"address\" class=\"shadow appearance-none border rounded w-full py-2 px-3 text-gray-700 leading-tight focus:outline-none focus:shadow-outline\" placeholder=\"Your Address\"></div><div class=\"mb-4\"><label for=\"phone\" class=\"block text-gray-700 text-sm font-bold mb-2\">Phone Number</label><input type=\"tel\" id=\"phone\" class=\"shadow appearance-none border rounded w-full py-2 px-3 text-gray-700 leading-tight focus:outline-none focus:shadow-outline\" placeholder=\"Your Phone Number\"></div><div class=\"mb-4\"><label for=\"email\" class=\"block text-gray-700 text-sm font-bold mb-2\">Email Address</label><input type=\"email\" id=\"email\" class=\"shadow appearance-none border rounded w-full py-2 px-3 text-gray-700 leading-tight focus:outline-none focus:shadow-outline\" placeholder=\"Your Email Address\"></div><div class=\"mb-6\"><label class=\"block text-gray-700 text-sm font-bold mb-2\" for=\"profile-picture\">Profile Picture</label><input class=\"shadow appearance-none border rounded w-full py-2 px-3 text-gray-700 leading-tight focus:outline-none focus:shadow-outline\" id=\"profile-picture\" type=\"file\"></div><button class=\"bg-blue-500 hover:bg-blue-700 text-white font-bold py-2 px-4 rounded focus:outline-none focus:shadow-outline\" type=\"submit\">Save</button></form></div></div></main><aside class=\"bg-gray-100 p-4 border-l border-gray-300\"><!-- Right-side Live Preview --></aside></div><script src=\"https://unpkg.com/flowbite@1.5.5/dist/flowbite.js\"></script></body></html>"
        },
        "cost": 0.0007076249999999999,
        "input_tokens": 2467.5,
        "output_tokens": 562.5,
        "total_tokens": 3030.0,
        "execution_result": {
          "status": "success",
          "session_id": "51595998",
          "operations": [
            "direct_files"
          ],
          "created_files": [
            "media\\generated\\51595998\\index.html"
          ],
          "file_results": {
            "created_files": [
              "media\\generated\\51595998\\index.html"
            ],
            "file_count": 1,
            "total_size": 4453,
            "status": "success",
            "errors": [],
            "execution_time": 0.002306999987922609
          },
          "code_results": {},
          "total_time": 0.005792800016934052,
          "error": null
        },
        "created_files": [
          "media\\generated\\51595998\\index.html"
        ]
      },
      "error": null,
      "cost": 0.0,
      "start_time": "2025-07-04T02:26:56.279845",
      "end_time": "2025-07-04T02:27:06.445604",
      "execution_time": 10.165759,
      "execution_result": {
        "status": "success",
        "session_id": "51595998",
        "operations": [
          "direct_files"
        ],
        "created_files": [
          "media\\generated\\51595998\\index.html"
        ],
        "file_results": {
          "created_files": [
            "media\\generated\\51595998\\index.html"
          ],
          "file_count": 1,
          "total_size": 4453,
          "status": "success",
          "errors": [],
          "execution_time": 0.002306999987922609
        },
        "code_results": {},
        "total_time": 0.005792800016934052,
        "error": null
      },
      "input_tokens": 0,
      "output_tokens": 0
    },
    {
      "id": "T005",
      "description": "Implement the Work Experience form section using Flowbite components, allowing users to add multiple work experiences with fields for job title, company, duration, and description.",
      "agent": "CoderAgent",
      "agent_prompt": "Implement the 'Work Experience' form section in the center column using Flowbite components. Allow users to add multiple work experiences with fields for job title, company, duration, and description. Ensure the styling is consistent with the other form sections.",
      "reads": [
        "T004"
      ],
      "writes": [
        "T005"
      ],
      "status": "running",
      "output": null,
      "error": null,
      "cost": 0.0,
      "start_time": "2025-07-04T02:27:06.477603",
      "end_time": null,
      "execution_time": 0.0
    },
    {
      "id": "T006",
      "description": "Implement the Education, Skills, and Certifications form sections using Flowbite components.",
      "agent": "CoderAgent",
      "agent_prompt": "Implement the 'Education', 'Skills', and 'Certifications' form sections in the center column using Flowbite components. The 'Education' section should allow users to add multiple education entries with fields for degree, university, and duration. The 'Skills' section should include a list of skills with proficiency levels. The 'Certifications' section should allow users to add multiple certifications with fields for name, issuing organization, and date obtained. Ensure the styling is consistent with the other form sections.",
      "reads": [
        "T005"
      ],
      "writes": [
        "T006"
      ],
      "status": "pending",
      "output": null,
      "error": null,
      "cost": 0.0,
      "start_time": null,
      "end_time": null,
      "execution_time": 0.0
    },
    {
      "id": "T007",
      "description": "Build the live CV preview in the right column, styled like a professional resume with section-wise entries updating in real time based on user input.",
      "agent": "CoderAgent",
      "agent_prompt": "Create the live CV preview in the right column, styled like a professional resume. The preview should dynamically update section-wise in real time based on user input from the form sections. Style the preview with a white background, rich black text, clear headers, and a beautiful sans-serif font (e.g., DM Sans or Inter).",
      "reads": [
        "T006"
      ],
      "writes": [
        "T007"
      ],
      "status": "pending",
      "output": null,
      "error": null,
      "cost": 0.0,
      "start_time": null,
      "end_time": null,
      "execution_time": 0.0
    },
    {
      "id": "T008",
      "description": "Implement the JavaScript logic to synchronize form inputs with the live CV preview in real-time.",
      "agent": "CoderAgent",
      "agent_prompt": "Write the JavaScript code to synchronize the form inputs in the center column with the live CV preview in the right column in real-time. Use event listeners to capture input changes and update the corresponding elements in the preview section. Include logic for adding and removing work experience and education entries.",
      "reads": [
        "T007"
      ],
      "writes": [
        "T008"
      ],
      "status": "pending",
      "output": null,
      "error": null,
      "cost": 0.0,
      "start_time": null,
      "end_time": null,
      "execution_time": 0.0
    },
    {
      "id": "T009",
      "description": "Implement the PDF export functionality using a JavaScript library or method to convert the CV preview to a PDF file.",
      "agent": "CoderAgent",
      "agent_prompt": "Implement the 'Export as PDF' functionality. Use a JavaScript library (e.g., jsPDF) or method to convert the CV preview in the right column to a PDF file when the user clicks the 'Export as PDF' button. Ensure the PDF output is styled correctly and optimized for printing.",
      "reads": [
        "T008"
      ],
      "writes": [
        "T009"
      ],
      "status": "pending",
      "output": null,
      "error": null,
      "cost": 0.0,
      "start_time": null,
      "end_time": null,
      "execution_time": 0.0
    },
    {
      "id": "T010",
      "description": "Implement the form reset functionality using JavaScript to clear all input fields in the form sections.",
      "agent": "CoderAgent",
      "agent_prompt": "Write the JavaScript code for the 'Reset Form' button. When clicked, it should clear all input fields in the form sections and reset the live CV preview to its initial state.",
      "reads": [
        "T009"
      ],
      "writes": [
        "T010"
      ],
      "status": "pending",
      "output": null,
      "error": null,
      "cost": 0.0,
      "start_time": null,
      "end_time": null,
      "execution_time": 0.0
    },
    {
      "id": "T011",
      "description": "Optimize the layout for mobile and tablet responsiveness using Tailwind CSS utilities.",
      "agent": "CoderAgent",
      "agent_prompt": "Optimize the CV builder layout for mobile and tablet devices using Tailwind CSS responsive utilities (e.g., `sm:`, `md:`, `lg:` prefixes). Ensure the three-column layout adapts well to smaller screens, the navigation menu collapses into a hamburger menu on mobile, and the form sections and live preview remain readable and functional.",
      "reads": [
        "T010"
      ],
      "writes": [
        "T011"
      ],
      "status": "pending",
      "output": null,
      "error": null,
      "cost": 0.0,
      "start_time": null,
      "end_time": null,
      "execution_time": 0.0
    },
    {
      "id": "T012",
      "description": "Add print styles to optimize the CV preview for printing and PDF export.",
      "agent": "CoderAgent",
      "agent_prompt": "Add specific print styles to the CV preview to ensure it is optimized for printing and PDF export. This includes setting a white background, rich black text, removing unnecessary elements, and adjusting margins and padding for a clean and professional print layout.",
      "reads": [
        "T011"
      ],
      "writes": [
        "T012"
      ],
      "status": "pending",
      "output": null,
      "error": null,
      "cost": 0.0,
      "start_time": null,
      "end_time": null,
      "execution_time": 0.0
    },
    {
      "id": "T013",
      "description": "Polish the CV builder by adjusting spacing, font sizing, and button styles for a consistent and professional look and feel.",
      "agent": "CoderAgent",
      "agent_prompt": "Fine-tune the CV builder's styling by adjusting spacing, font sizing, and button styles. Ensure consistent spacing between elements, readable font sizes, and professional-looking button styles using Tailwind CSS classes. Focus on a modern black-and-white theme with a beautiful sans-serif font (e.g., DM Sans or Inter).",
      "reads": [
        "T012"
      ],
      "writes": [
        "T013"
      ],
      "status": "pending",
      "output": null,
      "error": null,
      "cost": 0.0,
      "start_time": null,
      "end_time": null,
      "execution_time": 0.0
    },
    {
      "id": "T014",
      "description": "Summarize the job. What does the cv builder allow and what are the techincal specifications.",
      "agent": "DistillerAgent",
      "agent_prompt": "Summarize the functionalities of the created CV builder. Also list out the techinal specification of the builder, like the libraries and frameworks used and the version of them. Also list out important functions that the builder performs.",
      "reads": [
        "T013"
      ],
      "writes": [
        "T014"
      ],
      "status": "pending",
      "output": null,
      "error": null,
      "cost": 0.0,
      "start_time": null,
      "end_time": null,
      "execution_time": 0.0
    }
  ],
  "links": [
    {
      "source": "ROOT",
      "target": "T001"
    },
    {
      "source": "T001",
      "target": "T002"
    },
    {
      "source": "T002",
      "target": "T003"
    },
    {
      "source": "T003",
      "target": "T004"
    },
    {
      "source": "T004",
      "target": "T005"
    },
    {
      "source": "T005",
      "target": "T006"
    },
    {
      "source": "T006",
      "target": "T007"
    },
    {
      "source": "T007",
      "target": "T008"
    },
    {
      "source": "T008",
      "target": "T009"
    },
    {
      "source": "T009",
      "target": "T010"
    },
    {
      "source": "T010",
      "target": "T011"
    },
    {
      "source": "T011",
      "target": "T012"
    },
    {
      "source": "T012",
      "target": "T013"
    },
    {
      "source": "T013",
      "target": "T014"
    }
  ]
}