{
  "directed": true,
  "multigraph": false,
  "graph": {
    "session_id": "51599850",
    "original_query": "Create a professional one-page (index.html) dark-themed (Black and White only) portfolio website for a Software Hacker using Tailwind CSS, Flowbite, Animate.css (for scroll-in section reveals and CTA hover transitions), and Splide.js (for a testimonial carousel and horizontally scrolling image gallery); use CDN only (no build tools); apply a sleek black/charcoal base, warm beige/muted orange accents, elegant typography, refined spacing, subtle transitions (no glows/neons); include sticky header with anchor links, hero section with fullscreen image (https://picsum.photos/1600/900?blur=1), category highlight cards (https://picsum.photos/400/600?grayscale/random=1), animated counters (clients, projects, years), About (mission, timeline), Gallery or Services grid (6–8 projects), Contact form (name/email/message), and footer with social icons; keep layout responsive and professional, with no lorem ipsum, real readable text, and pure HTML/CSS/JS; Use CoderAgent in 9–10 precise updates (meta, header, hero, counters, cards, timeline, gallery, testimonial slider, contact form, layout cleanup), and finally audit spacing, contrast, and visual balance to ensure premium Software Hacker look. Ask the CoderAgent to update the same index.html, use code to update it if file is longer and make sure old content is not deleted, and only required sections are updated. Remind CoderAgent to update the placeholders (not overwrite whole file)",
    "file_manifest": [],
    "created_at": "2025-07-04T03:30:50.016076",
    "status": "running",
    "output_chain": {
      "T001": {
        "initial_thoughts": "Okay, I need to create the basic HTML structure for a one-page portfolio website. I will include meta tags, title, and CDN links for Tailwind CSS, Flowbite, Animate.css, and Splide.js. I will also add placeholders for the different sections of the website. Finally, I will add inline CSS to apply a dark theme.",
        "output": {},
        "call_self": false,
        "files": {
          "index.html": "<!DOCTYPE html>\n<html lang=\"en\">\n<head>\n    <meta charset=\"UTF-8\">\n    <meta name=\"viewport\" content=\"width=device-width, initial-scale=1.0\">\n    <title>Software Hacker Portfolio</title>\n    <link rel=\"stylesheet\" href=\"https://cdn.jsdelivr.net/npm/tailwindcss@2.2.19/dist/tailwind.min.css\">\n    <link rel=\"stylesheet\" href=\"https://cdnjs.cloudflare.com/ajax/libs/animate.css/4.1.1/animate.min.css\"/>\n    <link rel=\"stylesheet\" href=\"https://cdn.jsdelivr.net/npm/@splidejs/splide@4.1.4/dist/css/splide.min.css\" integrity=\"sha256-5uKiXEwbaQbcCSzaCcUvKOcEnoLgoRoToNjrsjvdwkE=\" crossorigin=\"anonymous\">\n    <link href=\"https://cdnjs.cloudflare.com/ajax/libs/flowbite/2.2.1/flowbite.min.css\" rel=\"stylesheet\" />\n    <style>\n        body {\n            background-color: #121212; /* Charcoal base */\n            color: #f5f5dc; /* Warm beige text */\n            font-family: sans-serif;\n            margin: 0;\n            padding: 0;\n        }\n\n        .container {\n            width: 80%;\n            margin: 0 auto;\n            padding: 20px;\n        }\n\n        /* Add more styling as needed */\n        h1, h2, h3 {\n            color: #d2b48c; /* Muted orange accents */\n        }\n\n        a {\n            color: #d2b48c; /* Muted orange accents */\n            text-decoration: none;\n            transition: color 0.3s ease;\n        }\n\n        a:hover {\n            color: #f5f5dc; /* Warm beige text */\n        }\n    </style>\n</head>\n<body>\n    <div class=\"container\">\n        <!-- HEADER_PLACEHOLDER -->\n\n        <!-- HERO_PLACEHOLDER -->\n\n        <!-- COUNTERS_PLACEHOLDER -->\n\n        <!-- CARDS_PLACEHOLDER -->\n\n        <!-- ABOUT_PLACEHOLDER -->\n\n        <!-- GALLERY_PLACEHOLDER -->\n\n        <!-- TESTIMONIALS_PLACEHOLDER -->\n\n        <!-- CONTACT_PLACEHOLDER -->\n\n        <!-- FOOTER_PLACEHOLDER -->\n    </div>\n\n    <script src=\"https://cdnjs.cloudflare.com/ajax/libs/flowbite/2.2.1/flowbite.min.js\"></script>\n    <script src=\"https://cdn.jsdelivr.net/npm/@splidejs/splide@4.1.4/dist/js/splide.min.js\" integrity=\"sha256-FZsWdehkwJeP3sIwiSp5QOBIaE5NKWvAsCr9PccxOss=\" crossorigin=\"anonymous\"></script>\n</body>\n</html>"
        },
        "cost": 0.00053955,
        "input_tokens": 2349.0,
        "output_tokens": 312.0,
        "total_tokens": 2661.0,
        "execution_result": {
          "status": "success",
          "session_id": "51599850",
          "operations": [
            "direct_files"
          ],
          "created_files": [
            "media\\generated\\51599850\\index.html"
          ],
          "file_results": {
            "created_files": [
              "media\\generated\\51599850\\index.html"
            ],
            "file_count": 1,
            "total_size": 2119,
            "status": "success",
            "errors": [],
            "execution_time": 0.0024480000138282776
          },
          "code_results": {},
          "total_time": 0.005198099999688566,
          "error": null
        },
        "created_files": [
          "media\\generated\\51599850\\index.html"
        ]
      }
    },
    "validation_results": {
      "is_valid": true,
      "is_dag": true,
      "cycles": [],
      "disconnected_components": [],
      "orphaned_nodes": [],
      "root_nodes": [],
      "leaf_nodes": [
        "T013"
      ],
      "warnings": [],
      "errors": []
    }
  },
  "nodes": [
    {
      "description": "Initial Query",
      "agent": "System",
      "status": "completed",
      "id": "ROOT"
    },
    {
      "id": "T001",
      "description": "Create the basic HTML structure, including meta tags, title, and CDN links for Tailwind CSS, Flowbite, Animate.css, and Splide.js. Add placeholders for header, hero section, counters, category cards, about section, gallery, testimonial slider, contact form, and footer. Add basic CSS for dark theme (Black and White only) with black/charcoal base, warm beige/muted orange accents, elegant typography, refined spacing, and subtle transitions",
      "agent": "CoderAgent",
      "agent_prompt": "Create the basic HTML structure for a one-page portfolio website. Include meta tags, title (Software Hacker Portfolio), and CDN links for Tailwind CSS, Flowbite, Animate.css, and Splide.js. Add placeholders using HTML comments for the following sections: <!-- HEADER_PLACEHOLDER -->, <!-- HERO_PLACEHOLDER -->, <!-- COUNTERS_PLACEHOLDER -->, <!-- CARDS_PLACEHOLDER -->, <!-- ABOUT_PLACEHOLDER -->, <!-- GALLERY_PLACEHOLDER -->, <!-- TESTIMONIALS_PLACEHOLDER -->, <!-- CONTACT_PLACEHOLDER -->, and <!-- FOOTER_PLACEHOLDER -->. Apply a dark theme (Black and White only) using basic CSS, with a black/charcoal base, warm beige/muted orange accents, elegant typography, refined spacing, and subtle transitions. Make sure to set up the basic container structure for the content. Ensure the CSS is inline and not in a separate file.",
      "reads": [],
      "writes": [
        "T001"
      ],
      "status": "completed",
      "output": {
        "initial_thoughts": "Okay, I need to create the basic HTML structure for a one-page portfolio website. I will include meta tags, title, and CDN links for Tailwind CSS, Flowbite, Animate.css, and Splide.js. I will also add placeholders for the different sections of the website. Finally, I will add inline CSS to apply a dark theme.",
        "output": {},
        "call_self": false,
        "files": {
          "index.html": "<!DOCTYPE html>\n<html lang=\"en\">\n<head>\n    <meta charset=\"UTF-8\">\n    <meta name=\"viewport\" content=\"width=device-width, initial-scale=1.0\">\n    <title>Software Hacker Portfolio</title>\n    <link rel=\"stylesheet\" href=\"https://cdn.jsdelivr.net/npm/tailwindcss@2.2.19/dist/tailwind.min.css\">\n    <link rel=\"stylesheet\" href=\"https://cdnjs.cloudflare.com/ajax/libs/animate.css/4.1.1/animate.min.css\"/>\n    <link rel=\"stylesheet\" href=\"https://cdn.jsdelivr.net/npm/@splidejs/splide@4.1.4/dist/css/splide.min.css\" integrity=\"sha256-5uKiXEwbaQbcCSzaCcUvKOcEnoLgoRoToNjrsjvdwkE=\" crossorigin=\"anonymous\">\n    <link href=\"https://cdnjs.cloudflare.com/ajax/libs/flowbite/2.2.1/flowbite.min.css\" rel=\"stylesheet\" />\n    <style>\n        body {\n            background-color: #121212; /* Charcoal base */\n            color: #f5f5dc; /* Warm beige text */\n            font-family: sans-serif;\n            margin: 0;\n            padding: 0;\n        }\n\n        .container {\n            width: 80%;\n            margin: 0 auto;\n            padding: 20px;\n        }\n\n        /* Add more styling as needed */\n        h1, h2, h3 {\n            color: #d2b48c; /* Muted orange accents */\n        }\n\n        a {\n            color: #d2b48c; /* Muted orange accents */\n            text-decoration: none;\n            transition: color 0.3s ease;\n        }\n\n        a:hover {\n            color: #f5f5dc; /* Warm beige text */\n        }\n    </style>\n</head>\n<body>\n    <div class=\"container\">\n        <!-- HEADER_PLACEHOLDER -->\n\n        <!-- HERO_PLACEHOLDER -->\n\n        <!-- COUNTERS_PLACEHOLDER -->\n\n        <!-- CARDS_PLACEHOLDER -->\n\n        <!-- ABOUT_PLACEHOLDER -->\n\n        <!-- GALLERY_PLACEHOLDER -->\n\n        <!-- TESTIMONIALS_PLACEHOLDER -->\n\n        <!-- CONTACT_PLACEHOLDER -->\n\n        <!-- FOOTER_PLACEHOLDER -->\n    </div>\n\n    <script src=\"https://cdnjs.cloudflare.com/ajax/libs/flowbite/2.2.1/flowbite.min.js\"></script>\n    <script src=\"https://cdn.jsdelivr.net/npm/@splidejs/splide@4.1.4/dist/js/splide.min.js\" integrity=\"sha256-FZsWdehkwJeP3sIwiSp5QOBIaE5NKWvAsCr9PccxOss=\" crossorigin=\"anonymous\"></script>\n</body>\n</html>"
        },
        "cost": 0.00053955,
        "input_tokens": 2349.0,
        "output_tokens": 312.0,
        "total_tokens": 2661.0,
        "execution_result": {
          "status": "success",
          "session_id": "51599850",
          "operations": [
            "direct_files"
          ],
          "created_files": [
            "media\\generated\\51599850\\index.html"
          ],
          "file_results": {
            "created_files": [
              "media\\generated\\51599850\\index.html"
            ],
            "file_count": 1,
            "total_size": 2119,
            "status": "success",
            "errors": [],
            "execution_time": 0.0024480000138282776
          },
          "code_results": {},
          "total_time": 0.005198099999688566,
          "error": null
        },
        "created_files": [
          "media\\generated\\51599850\\index.html"
        ]
      },
      "error": null,
      "cost": 0.0,
      "start_time": "2025-07-04T03:30:50.044077",
      "end_time": "2025-07-04T03:30:58.045417",
      "execution_time": 8.00134,
      "execution_result": {
        "status": "success",
        "session_id": "51599850",
        "operations": [
          "direct_files"
        ],
        "created_files": [
          "media\\generated\\51599850\\index.html"
        ],
        "file_results": {
          "created_files": [
            "media\\generated\\51599850\\index.html"
          ],
          "file_count": 1,
          "total_size": 2119,
          "status": "success",
          "errors": [],
          "execution_time": 0.0024480000138282776
        },
        "code_results": {},
        "total_time": 0.005198099999688566,
        "error": null
      },
      "input_tokens": 0,
      "output_tokens": 0
    },
    {
      "id": "T002",
      "description": "Implement the sticky header with anchor links to different sections of the page. Include the website logo and navigation links to Hero, About, Gallery/Services, and Contact sections. Ensure responsiveness across different screen sizes.",
      "agent": "CoderAgent",
      "agent_prompt": "Update the `index.html` file (passed as input) by implementing the sticky header section within the `<!-- HEADER_PLACEHOLDER -->` section. The header should include a website logo (placeholder text is fine) and navigation links to Hero, About, Gallery/Services, and Contact sections. Use Tailwind CSS for styling and Flowbite for interactivity if needed. Ensure the header is sticky and responsive. Remember to only update the content within the specified placeholder.",
      "reads": [
        "T001"
      ],
      "writes": [
        "T002"
      ],
      "status": "failed",
      "output": null,
      "error": "Code execution failed: Code execution failed: All code variants failed. Errors: CODE_1: SyntaxError: f-string: invalid syntax (<unknown>, line 34)",
      "cost": 0.0,
      "start_time": "2025-07-04T03:30:58.071418",
      "end_time": "2025-07-04T03:31:04.772059",
      "execution_time": 6.700641
    },
    {
      "id": "T003",
      "description": "Create the Hero section with a full-screen image (using https://picsum.photos/1600/900?blur=1), a headline, and a brief introduction about the Software Hacker. Include a call-to-action button with a hover transition effect using Animate.css.",
      "agent": "CoderAgent",
      "agent_prompt": "Update the `index.html` file (passed as input) by creating the Hero section within the `<!-- HERO_PLACEHOLDER -->` section. Use a full-screen image from https://picsum.photos/1600/900?blur=1. Add a compelling headline and a brief introduction about the Software Hacker. Include a call-to-action button (e.g., 'Contact Me') with a subtle hover transition effect using Animate.css. Ensure the section is responsive and visually appealing with the specified dark theme. Remember to only update the content within the specified placeholder.",
      "reads": [
        "T002"
      ],
      "writes": [
        "T003"
      ],
      "status": "pending",
      "output": null,
      "error": null,
      "cost": 0.0,
      "start_time": null,
      "end_time": null,
      "execution_time": 0.0
    },
    {
      "id": "T004",
      "description": "Implement animated counters for Clients, Projects, and Years of experience. Use JavaScript to animate the counters on page load. Apply appropriate styling to match the dark theme.",
      "agent": "CoderAgent",
      "agent_prompt": "Update the `index.html` file (passed as input) by implementing animated counters within the `<!-- COUNTERS_PLACEHOLDER -->` section. Create counters for Clients, Projects, and Years of experience. Use JavaScript to animate the counters on page load. Apply appropriate styling using Tailwind CSS to match the dark theme.  Remember to only update the content within the specified placeholder.",
      "reads": [
        "T003"
      ],
      "writes": [
        "T004"
      ],
      "status": "pending",
      "output": null,
      "error": null,
      "cost": 0.0,
      "start_time": null,
      "end_time": null,
      "execution_time": 0.0
    },
    {
      "id": "T005",
      "description": "Design and integrate category highlight cards (using https://picsum.photos/400/600?grayscale/random=1) to showcase the hacker's expertise in different areas such as web development, cybersecurity, and reverse engineering. Ensure each card has a title, brief description, and a link to related projects. Ensure good contrast for readability.",
      "agent": "CoderAgent",
      "agent_prompt": "Update the `index.html` file (passed as input) by designing and integrating category highlight cards within the `<!-- CARDS_PLACEHOLDER -->` section. Use images from https://picsum.photos/400/600?grayscale/random=1 for each card. Showcase the hacker's expertise in areas such as web development, cybersecurity, and reverse engineering. Each card should include a title, a brief description, and a link to related projects. Use Tailwind CSS for styling and ensure good contrast for readability.  Remember to only update the content within the specified placeholder.",
      "reads": [
        "T004"
      ],
      "writes": [
        "T005"
      ],
      "status": "pending",
      "output": null,
      "error": null,
      "cost": 0.0,
      "start_time": null,
      "end_time": null,
      "execution_time": 0.0
    },
    {
      "id": "T006",
      "description": "Create the About section with a brief mission statement and a timeline highlighting key milestones in the hacker's career. Use CSS to style the timeline with a clean and professional look. Ensure text contrast and readability.",
      "agent": "CoderAgent",
      "agent_prompt": "Update the `index.html` file (passed as input) by creating the About section within the `<!-- ABOUT_PLACEHOLDER -->` section. Include a brief mission statement and a timeline highlighting key milestones in the hacker's career. Use CSS (Tailwind CSS) to style the timeline with a clean and professional look. Ensure proper text contrast and readability.  Remember to only update the content within the specified placeholder.",
      "reads": [
        "T005"
      ],
      "writes": [
        "T006"
      ],
      "status": "pending",
      "output": null,
      "error": null,
      "cost": 0.0,
      "start_time": null,
      "end_time": null,
      "execution_time": 0.0
    },
    {
      "id": "T007",
      "description": "Implement a Gallery or Services grid with 6–8 projects, showcasing the hacker's best work. Use images and descriptions for each project. Ensure the grid is responsive and visually appealing.",
      "agent": "CoderAgent",
      "agent_prompt": "Update the `index.html` file (passed as input) by implementing a Gallery or Services grid within the `<!-- GALLERY_PLACEHOLDER -->` section. Showcase 6–8 projects, using images and descriptions for each project. Use Tailwind CSS for styling and ensure the grid is responsive and visually appealing.  Remember to only update the content within the specified placeholder.",
      "reads": [
        "T006"
      ],
      "writes": [
        "T007"
      ],
      "status": "pending",
      "output": null,
      "error": null,
      "cost": 0.0,
      "start_time": null,
      "end_time": null,
      "execution_time": 0.0
    },
    {
      "id": "T008",
      "description": "Integrate a testimonial carousel using Splide.js to display client testimonials. Style the carousel to match the dark theme and ensure it is functional and responsive.",
      "agent": "CoderAgent",
      "agent_prompt": "Update the `index.html` file (passed as input) by integrating a testimonial carousel within the `<!-- TESTIMONIALS_PLACEHOLDER -->` section. Use Splide.js to display client testimonials. Style the carousel to match the dark theme and ensure it is functional and responsive. Remember to only update the content within the specified placeholder.",
      "reads": [
        "T007"
      ],
      "writes": [
        "T008"
      ],
      "status": "pending",
      "output": null,
      "error": null,
      "cost": 0.0,
      "start_time": null,
      "end_time": null,
      "execution_time": 0.0
    },
    {
      "id": "T009",
      "description": "Create a Contact form with fields for name, email, and message. Implement basic form validation using HTML5 attributes and style the form to match the dark theme.",
      "agent": "CoderAgent",
      "agent_prompt": "Update the `index.html` file (passed as input) by creating a Contact form within the `<!-- CONTACT_PLACEHOLDER -->` section. Include fields for name, email, and message. Implement basic form validation using HTML5 attributes and style the form to match the dark theme using Tailwind CSS. Remember to only update the content within the specified placeholder.",
      "reads": [
        "T008"
      ],
      "writes": [
        "T009"
      ],
      "status": "pending",
      "output": null,
      "error": null,
      "cost": 0.0,
      "start_time": null,
      "end_time": null,
      "execution_time": 0.0
    },
    {
      "id": "T010",
      "description": "Design the footer section with social icons (using Font Awesome or similar) and a copyright notice. Style the footer to match the dark theme and ensure it is responsive.",
      "agent": "CoderAgent",
      "agent_prompt": "Update the `index.html` file (passed as input) by designing the footer section within the `<!-- FOOTER_PLACEHOLDER -->` section. Include social icons (using Font Awesome or similar) and a copyright notice. Style the footer to match the dark theme using Tailwind CSS and ensure it is responsive. Remember to only update the content within the specified placeholder.",
      "reads": [
        "T009"
      ],
      "writes": [
        "T010"
      ],
      "status": "pending",
      "output": null,
      "error": null,
      "cost": 0.0,
      "start_time": null,
      "end_time": null,
      "execution_time": 0.0
    },
    {
      "id": "T011",
      "description": "Perform a final audit of spacing, contrast, and visual balance across all sections of the one-page portfolio website, and ensure the premium Software Hacker look as requested is complete.",
      "agent": "CoderAgent",
      "agent_prompt": "Update the `index.html` file (passed as input) by performing a final audit of spacing, contrast, and visual balance across all sections of the one-page portfolio website. Make any necessary adjustments to ensure a polished and professional design, in accordance with the provided prompt and desired aesthetics of being a 'premium Software Hacker look'. Remember to use Tailwind CSS for styling and only update the content within the specified placeholders.",
      "reads": [
        "T010"
      ],
      "writes": [
        "T011"
      ],
      "status": "pending",
      "output": null,
      "error": null,
      "cost": 0.0,
      "start_time": null,
      "end_time": null,
      "execution_time": 0.0
    },
    {
      "id": "T012",
      "description": "Format the final HTML output for readability and structure.",
      "agent": "FormatterAgent",
      "agent_prompt": "Beautify the final HTML code in `index.html` (passed as input) for enhanced readability and a well-structured presentation. Ensure the HTML follows best practices and is properly indented. Pay attention to the dark theme and make sure code is well-organized.",
      "reads": [
        "T011"
      ],
      "writes": [
        "T012"
      ],
      "status": "pending",
      "output": null,
      "error": null,
      "cost": 0.0,
      "start_time": null,
      "end_time": null,
      "execution_time": 0.0
    },
    {
      "id": "T013",
      "description": "Summarize the final output HTML file using distilled text and key sections, including code blocks, CSS, JS, etc.",
      "agent": "DistillerAgent",
      "agent_prompt": "Analyze the final `index.html` file (passed as input) and create a distilled summary including key sections (header, hero, about, gallery, testimonial, contact, footer), tech (Tailwind, Flowbite, Animate.css, Splide.js), CSS (dark-themed, fonts, animations, layout) and JS functions.",
      "reads": [
        "T012"
      ],
      "writes": [
        "T013"
      ],
      "status": "pending",
      "output": null,
      "error": null,
      "cost": 0.0,
      "start_time": null,
      "end_time": null,
      "execution_time": 0.0
    }
  ],
  "links": [
    {
      "source": "ROOT",
      "target": "T001"
    },
    {
      "source": "T001",
      "target": "T002"
    },
    {
      "source": "T002",
      "target": "T003"
    },
    {
      "source": "T003",
      "target": "T004"
    },
    {
      "source": "T004",
      "target": "T005"
    },
    {
      "source": "T005",
      "target": "T006"
    },
    {
      "source": "T006",
      "target": "T007"
    },
    {
      "source": "T007",
      "target": "T008"
    },
    {
      "source": "T008",
      "target": "T009"
    },
    {
      "source": "T009",
      "target": "T010"
    },
    {
      "source": "T010",
      "target": "T011"
    },
    {
      "source": "T011",
      "target": "T012"
    },
    {
      "source": "T012",
      "target": "T013"
    }
  ]
}