{
  "directed": true,
  "multigraph": false,
  "graph": {
    "session_id": "51601153",
    "original_query": "Create a professional one-page (index.html) dark-themed (Black and White only) portfolio website for a Software Hacker using Tailwind CSS, Flowbite, Animate.css (for scroll-in section reveals and CTA hover transitions), and Splide.js (for a testimonial carousel and horizontally scrolling image gallery); use CDN only (no build tools); apply a sleek black/charcoal base, warm beige/muted orange accents, elegant typography, refined spacing, subtle transitions (no glows/neons); include sticky header with anchor links, hero section with fullscreen image (https://picsum.photos/1600/900?blur=1), category highlight cards (https://picsum.photos/400/600?grayscale/random=1), animated counters (clients, projects, years), About (mission, timeline), Gallery or Services grid (6–8 projects), Contact form (name/email/message), and footer with social icons; keep layout responsive and professional, with no lorem ipsum, real readable text, and pure HTML/CSS/JS; Use CoderAgent in 9–10 precise updates (meta, header, hero, counters, cards, timeline, gallery, testimonial slider, contact form, layout cleanup), and finally audit spacing, contrast, and visual balance to ensure premium Software Hacker look. Ask the CoderAgent to update the same index.html, use code to update it if file is longer and make sure old content is not deleted, and only required sections are updated. Remind CoderAgent to update the placeholders (not overwrite whole file)",
    "file_manifest": [],
    "created_at": "2025-07-04T03:52:33.688067",
    "status": "running",
    "output_chain": {
      "T001": {
        "initial_thoughts": "Okay, I need to create the basic HTML structure for a one-page portfolio website with a dark theme (Black and White only). This includes meta tags, a title, and links to Tailwind CSS, Flowbite, Animate.css, and Splide.js CDNs. I also need to add placeholders for various sections using comments. The file name should be index.html. I will use direct file creation for this task as it involves creating a new HTML file.",
        "output": {},
        "call_self": false,
        "files": {
          "index.html": "<!DOCTYPE html>\n<html lang=\"en\">\n<head>\n    <meta charset=\"UTF-8\">\n    <meta name=\"viewport\" content=\"width=device-width, initial-scale=1.0\">\n    <title>Software Hacker Portfolio</title>\n    <link href=\"https://cdn.jsdelivr.net/npm/tailwindcss@2.2.19/dist/tailwind.min.css\" rel=\"stylesheet\">\n    <link href=\"https://cdnjs.cloudflare.com/ajax/libs/flowbite/2.3.0/flowbite.min.css\" rel=\"stylesheet\" />\n    <link rel=\"stylesheet\" href=\"https://cdnjs.cloudflare.com/ajax/libs/animate.css/4.1.1/animate.min.css\"/>\n    <link rel=\"stylesheet\" href=\"https://cdn.jsdelivr.net/npm/@splidejs/splide@4.1.4/dist/css/splide.min.css\">\n    <style>\n        body {\n            background-color: #111;\n            color: #fff;\n        }\n    </style>\n</head>\n<body>\n\n    <!-- HEADER_START --><!-- HEADER_END -->\n\n    <!-- HERO_START --><!-- HERO_END -->\n\n    <!-- COUNTERS_START --><!-- COUNTERS_END -->\n\n    <!-- CARDS_START --><!-- CARDS_END -->\n\n    <!-- ABOUT_START --><!-- ABOUT_END -->\n\n    <!-- GALLERY_START --><!-- GALLERY_END -->\n\n    <!-- TESTIMONIALS_START --><!-- TESTIMONIALS_END -->\n\n    <!-- CONTACT_START --><!-- CONTACT_END -->\n\n    <!-- FOOTER_START --><!-- FOOTER_END -->\n\n    <script src=\"https://cdnjs.cloudflare.com/ajax/libs/flowbite/2.3.0/flowbite.min.js\"></script>\n    <script src=\"https://cdn.jsdelivr.net/npm/@splidejs/splide@4.1.4/dist/js/splide.min.js\"></script>\n</body>\n</html>"
        },
        "cost": 0.00054585,
        "input_tokens": 2631.0,
        "output_tokens": 252.0,
        "total_tokens": 2883.0,
        "execution_result": {
          "status": "success",
          "session_id": "51601153",
          "operations": [
            "direct_files"
          ],
          "created_files": [
            "media\\generated\\51601153\\index.html"
          ],
          "file_results": {
            "created_files": [
              "media\\generated\\51601153\\index.html"
            ],
            "file_count": 1,
            "total_size": 1388,
            "status": "success",
            "errors": [],
            "execution_time": 0.002476800000295043
          },
          "code_results": {},
          "total_time": 0.005182799999602139,
          "error": null
        },
        "created_files": [
          "media\\generated\\51601153\\index.html"
        ]
      },
      "T002": {
        "updated_section": "header",
        "file_path": "media/generated/51601153/index.html"
      },
      "T003": {
        "updated_section": "hero",
        "file_path": "media/generated/51601153/index.html"
      }
    },
    "validation_results": {
      "is_valid": true,
      "is_dag": true,
      "cycles": [],
      "disconnected_components": [],
      "orphaned_nodes": [],
      "root_nodes": [],
      "leaf_nodes": [
        "T012"
      ],
      "warnings": [],
      "errors": []
    }
  },
  "nodes": [
    {
      "description": "Initial Query",
      "agent": "System",
      "status": "completed",
      "id": "ROOT"
    },
    {
      "id": "T001",
      "description": "Create the basic HTML structure for the portfolio website, including meta tags, title, and links to Tailwind CSS, Flowbite, Animate.css, and Splide.js CDNs. Use a dark theme (Black and White only). Add placeholders for the header, hero section, category highlight cards, animated counters, about section, gallery, contact form, and footer.",
      "agent": "CoderAgent",
      "agent_prompt": "Create a basic HTML structure for a one-page portfolio website with a dark theme (Black and White only). Include meta tags, a title, and links to Tailwind CSS, Flowbite, Animate.css, and Splide.js CDNs. Add placeholders for the following sections, using comments to clearly mark the start and end of each section: <!-- HEADER_START --><!-- HEADER_END -->, <!-- HERO_START --><!-- HERO_END -->, <!-- COUNTERS_START --><!-- COUNTERS_END -->, <!-- CARDS_START --><!-- CARDS_END -->, <!-- ABOUT_START --><!-- ABOUT_END -->, <!-- GALLERY_START --><!-- GALLERY_END -->, <!-- TESTIMONIALS_START --><!-- TESTIMONIALS_END -->, <!-- CONTACT_START --><!-- CONTACT_END -->, <!-- FOOTER_START --><!-- FOOTER_END -->. Ensure the HTML file is named index.html.",
      "reads": [],
      "writes": [
        "T001"
      ],
      "status": "completed",
      "output": {
        "initial_thoughts": "Okay, I need to create the basic HTML structure for a one-page portfolio website with a dark theme (Black and White only). This includes meta tags, a title, and links to Tailwind CSS, Flowbite, Animate.css, and Splide.js CDNs. I also need to add placeholders for various sections using comments. The file name should be index.html. I will use direct file creation for this task as it involves creating a new HTML file.",
        "output": {},
        "call_self": false,
        "files": {
          "index.html": "<!DOCTYPE html>\n<html lang=\"en\">\n<head>\n    <meta charset=\"UTF-8\">\n    <meta name=\"viewport\" content=\"width=device-width, initial-scale=1.0\">\n    <title>Software Hacker Portfolio</title>\n    <link href=\"https://cdn.jsdelivr.net/npm/tailwindcss@2.2.19/dist/tailwind.min.css\" rel=\"stylesheet\">\n    <link href=\"https://cdnjs.cloudflare.com/ajax/libs/flowbite/2.3.0/flowbite.min.css\" rel=\"stylesheet\" />\n    <link rel=\"stylesheet\" href=\"https://cdnjs.cloudflare.com/ajax/libs/animate.css/4.1.1/animate.min.css\"/>\n    <link rel=\"stylesheet\" href=\"https://cdn.jsdelivr.net/npm/@splidejs/splide@4.1.4/dist/css/splide.min.css\">\n    <style>\n        body {\n            background-color: #111;\n            color: #fff;\n        }\n    </style>\n</head>\n<body>\n\n    <!-- HEADER_START --><!-- HEADER_END -->\n\n    <!-- HERO_START --><!-- HERO_END -->\n\n    <!-- COUNTERS_START --><!-- COUNTERS_END -->\n\n    <!-- CARDS_START --><!-- CARDS_END -->\n\n    <!-- ABOUT_START --><!-- ABOUT_END -->\n\n    <!-- GALLERY_START --><!-- GALLERY_END -->\n\n    <!-- TESTIMONIALS_START --><!-- TESTIMONIALS_END -->\n\n    <!-- CONTACT_START --><!-- CONTACT_END -->\n\n    <!-- FOOTER_START --><!-- FOOTER_END -->\n\n    <script src=\"https://cdnjs.cloudflare.com/ajax/libs/flowbite/2.3.0/flowbite.min.js\"></script>\n    <script src=\"https://cdn.jsdelivr.net/npm/@splidejs/splide@4.1.4/dist/js/splide.min.js\"></script>\n</body>\n</html>"
        },
        "cost": 0.00054585,
        "input_tokens": 2631.0,
        "output_tokens": 252.0,
        "total_tokens": 2883.0,
        "execution_result": {
          "status": "success",
          "session_id": "51601153",
          "operations": [
            "direct_files"
          ],
          "created_files": [
            "media\\generated\\51601153\\index.html"
          ],
          "file_results": {
            "created_files": [
              "media\\generated\\51601153\\index.html"
            ],
            "file_count": 1,
            "total_size": 1388,
            "status": "success",
            "errors": [],
            "execution_time": 0.002476800000295043
          },
          "code_results": {},
          "total_time": 0.005182799999602139,
          "error": null
        },
        "created_files": [
          "media\\generated\\51601153\\index.html"
        ]
      },
      "error": null,
      "cost": 0.0,
      "start_time": "2025-07-04T03:52:33.717060",
      "end_time": "2025-07-04T03:52:38.935432",
      "execution_time": 5.218372,
      "execution_result": {
        "status": "success",
        "session_id": "51601153",
        "operations": [
          "direct_files"
        ],
        "created_files": [
          "media\\generated\\51601153\\index.html"
        ],
        "file_results": {
          "created_files": [
            "media\\generated\\51601153\\index.html"
          ],
          "file_count": 1,
          "total_size": 1388,
          "status": "success",
          "errors": [],
          "execution_time": 0.002476800000295043
        },
        "code_results": {},
        "total_time": 0.005182799999602139,
        "error": null
      },
      "input_tokens": 0,
      "output_tokens": 0
    },
    {
      "id": "T002",
      "description": "Implement the sticky header with anchor links to different sections of the page. Use Tailwind CSS for styling and Flowbite for interactive components.",
      "agent": "CoderAgent",
      "agent_prompt": "Update the index.html file, find the <!-- HEADER_START --><!-- HEADER_END --> placeholder. Implement a sticky header with anchor links to the hero, about, gallery, and contact sections. Style the header using Tailwind CSS for a dark theme (Black and White only) with beige/muted orange accents. Use Flowbite components if needed for interactive elements. Make sure other content is preserved.",
      "reads": [
        "T001"
      ],
      "writes": [
        "T002"
      ],
      "status": "completed",
      "output": {
        "updated_section": "header",
        "file_path": "media/generated/51601153/index.html"
      },
      "error": null,
      "cost": 0.0,
      "start_time": "2025-07-04T03:52:38.962432",
      "end_time": "2025-07-04T03:52:44.028853",
      "execution_time": 5.066421,
      "input_tokens": 0,
      "output_tokens": 0,
      "execution_result": null
    },
    {
      "id": "T003",
      "description": "Create the hero section with a full-screen image from https://picsum.photos/1600/900?blur=1 and a brief introduction about the software hacker.",
      "agent": "CoderAgent",
      "agent_prompt": "Update the index.html file, find the <!-- HERO_START --><!-- HERO_END --> placeholder. Implement the hero section with a full-screen image from https://picsum.photos/1600/900?blur=1. Add a brief introduction about the software hacker with elegant typography and refined spacing. Use Tailwind CSS for styling. Make sure other content is preserved.",
      "reads": [
        "T002"
      ],
      "writes": [
        "T003"
      ],
      "status": "completed",
      "output": {
        "updated_section": "hero",
        "file_path": "media/generated/51601153/index.html"
      },
      "error": null,
      "cost": 0.0,
      "start_time": "2025-07-04T03:52:44.052844",
      "end_time": "2025-07-04T03:52:50.074293",
      "execution_time": 6.021449,
      "input_tokens": 0,
      "output_tokens": 0,
      "execution_result": null
    },
    {
      "id": "T004",
      "description": "Implement the animated counters for clients, projects, and years of experience. Use Tailwind CSS for styling and Animate.css for the animation.",
      "agent": "CoderAgent",
      "agent_prompt": "Update the index.html file, find the <!-- COUNTERS_START --><!-- COUNTERS_END --> placeholder. Implement animated counters for clients, projects, and years of experience. Use Tailwind CSS for styling and Animate.css for the animation effects when the counters come into view. Ensure counters start from 0 and end at plausible values for a software hacker.  Make sure other content is preserved.",
      "reads": [
        "T003"
      ],
      "writes": [
        "T004"
      ],
      "status": "failed",
      "output": null,
      "error": "Code execution failed: Code execution failed: All code variants failed. Errors: CODE_1: SyntaxError: f-string: invalid syntax. Perhaps you forgot a comma? (<unknown>, line 44)",
      "cost": 0.0,
      "start_time": "2025-07-04T03:52:50.104287",
      "end_time": "2025-07-04T03:52:57.034355",
      "execution_time": 6.930068
    },
    {
      "id": "T005",
      "description": "Create the category highlight cards with images from https://picsum.photos/400/600?grayscale/random=1 and descriptions of the software hacker's skills.",
      "agent": "CoderAgent",
      "agent_prompt": "Update the index.html file, find the <!-- CARDS_START --><!-- CARDS_END --> placeholder. Create category highlight cards with images from https://picsum.photos/400/600?grayscale/random=1 and descriptions of the software hacker's skills. Use Tailwind CSS for styling and subtle transitions on hover using Animate.css. Display 3-4 cards. Make sure other content is preserved.",
      "reads": [
        "T004"
      ],
      "writes": [
        "T005"
      ],
      "status": "pending",
      "output": null,
      "error": null,
      "cost": 0.0,
      "start_time": null,
      "end_time": null,
      "execution_time": 0.0
    },
    {
      "id": "T006",
      "description": "Implement the About section with a mission statement and a timeline of the software hacker's career.",
      "agent": "CoderAgent",
      "agent_prompt": "Update the index.html file, find the <!-- ABOUT_START --><!-- ABOUT_END --> placeholder. Implement the About section with a mission statement and a timeline of the software hacker's career. Use Tailwind CSS for styling, elegant typography, and refined spacing. Make sure other content is preserved.",
      "reads": [
        "T005"
      ],
      "writes": [
        "T006"
      ],
      "status": "pending",
      "output": null,
      "error": null,
      "cost": 0.0,
      "start_time": null,
      "end_time": null,
      "execution_time": 0.0
    },
    {
      "id": "T007",
      "description": "Create the Gallery or Services grid with 6–8 projects, showcasing the software hacker's work.",
      "agent": "CoderAgent",
      "agent_prompt": "Update the index.html file, find the <!-- GALLERY_START --><!-- GALLERY_END --> placeholder. Create a Gallery or Services grid with 6–8 projects, showcasing the software hacker's work. Use Tailwind CSS for styling and a responsive layout.  Make sure other content is preserved.",
      "reads": [
        "T006"
      ],
      "writes": [
        "T007"
      ],
      "status": "pending",
      "output": null,
      "error": null,
      "cost": 0.0,
      "start_time": null,
      "end_time": null,
      "execution_time": 0.0
    },
    {
      "id": "T008",
      "description": "Implement the testimonial carousel using Splide.js to display client testimonials.",
      "agent": "CoderAgent",
      "agent_prompt": "Update the index.html file, find the <!-- TESTIMONIALS_START --><!-- TESTIMONIALS_END --> placeholder. Implement the testimonial carousel using Splide.js to display client testimonials. Use Tailwind CSS for styling. Add at least 3 testimonials. Make sure other content is preserved.",
      "reads": [
        "T007"
      ],
      "writes": [
        "T008"
      ],
      "status": "pending",
      "output": null,
      "error": null,
      "cost": 0.0,
      "start_time": null,
      "end_time": null,
      "execution_time": 0.0
    },
    {
      "id": "T009",
      "description": "Create the Contact form with name, email, and message fields.",
      "agent": "CoderAgent",
      "agent_prompt": "Update the index.html file, find the <!-- CONTACT_START --><!-- CONTACT_END --> placeholder. Create the Contact form with name, email, and message fields. Use Tailwind CSS for styling and a clean, professional look. Make sure other content is preserved.",
      "reads": [
        "T008"
      ],
      "writes": [
        "T009"
      ],
      "status": "pending",
      "output": null,
      "error": null,
      "cost": 0.0,
      "start_time": null,
      "end_time": null,
      "execution_time": 0.0
    },
    {
      "id": "T010",
      "description": "Implement the footer with social icons and a copyright notice.",
      "agent": "CoderAgent",
      "agent_prompt": "Update the index.html file, find the <!-- FOOTER_START --><!-- FOOTER_END --> placeholder. Implement the footer with social icons and a copyright notice. Use Tailwind CSS for styling and a dark theme.  Make sure other content is preserved.",
      "reads": [
        "T009"
      ],
      "writes": [
        "T010"
      ],
      "status": "pending",
      "output": null,
      "error": null,
      "cost": 0.0,
      "start_time": null,
      "end_time": null,
      "execution_time": 0.0
    },
    {
      "id": "T011",
      "description": "Perform a final audit of spacing, contrast, and visual balance to ensure a premium Software Hacker look. Clean up any layout issues and ensure responsiveness.",
      "agent": "CoderAgent",
      "agent_prompt": "Update the index.html file. Audit the entire page for spacing, contrast, and visual balance to ensure a premium Software Hacker look. Clean up any layout issues and ensure responsiveness across different screen sizes. Ensure all sections are well-integrated and the overall design is cohesive. Do not add or remove functionality, only apply styling and visual improvements. Make sure content already on the page are preserved.",
      "reads": [
        "T010"
      ],
      "writes": [
        "T011"
      ],
      "status": "pending",
      "output": null,
      "error": null,
      "cost": 0.0,
      "start_time": null,
      "end_time": null,
      "execution_time": 0.0
    },
    {
      "id": "T012",
      "description": "Distill the final HTML output from the CoderAgent into a concise summary of the changes made and the overall structure of the page.",
      "agent": "DistillerAgent",
      "agent_prompt": "Distill the HTML output from T011 into a concise summary of the changes made and the overall structure of the page, highlighting the key sections and their functionality.",
      "reads": [
        "T011"
      ],
      "writes": [
        "T012"
      ],
      "status": "pending",
      "output": null,
      "error": null,
      "cost": 0.0,
      "start_time": null,
      "end_time": null,
      "execution_time": 0.0
    }
  ],
  "links": [
    {
      "source": "ROOT",
      "target": "T001"
    },
    {
      "source": "T001",
      "target": "T002"
    },
    {
      "source": "T002",
      "target": "T003"
    },
    {
      "source": "T003",
      "target": "T004"
    },
    {
      "source": "T004",
      "target": "T005"
    },
    {
      "source": "T005",
      "target": "T006"
    },
    {
      "source": "T006",
      "target": "T007"
    },
    {
      "source": "T007",
      "target": "T008"
    },
    {
      "source": "T008",
      "target": "T009"
    },
    {
      "source": "T009",
      "target": "T010"
    },
    {
      "source": "T010",
      "target": "T011"
    },
    {
      "source": "T011",
      "target": "T012"
    }
  ]
}