{
  "directed": true,
  "multigraph": false,
  "graph": {
    "session_id": "51598066",
    "original_query": "Create a professional one-page (index.html) dark-themed (Black and White only) portfolio website for a Software Hacker using Tailwind CSS, Flowbite, Animate.css (for scroll-in section reveals and CTA hover transitions), and Splide.js (for a testimonial carousel and horizontally scrolling image gallery); use CDN only (no build tools); apply a sleek black/charcoal base, warm beige/muted orange accents, elegant typography, refined spacing, subtle transitions (no glows/neons); include sticky header with anchor links, hero section with fullscreen image (https://picsum.photos/1600/900?blur=1), category highlight cards (https://picsum.photos/400/600?grayscale/random=1), animated counters (clients, projects, years), About (mission, timeline), Gallery or Services grid (6–8 projects), Contact form (name/email/message), and footer with social icons; keep layout responsive and professional, with no lorem ipsum, real readable text, and pure HTML/CSS/JS; Use CoderAgent in 9–10 precise updates (meta, header, hero, counters, cards, timeline, gallery, testimonial slider, contact form, layout cleanup), and finally audit spacing, contrast, and visual balance to ensure premium Software Hacker look. Ask the CoderAgent to update the same index.html, use code to update it if file is longer and make sure old content is not deleted, and only required sections are updated.",
    "file_manifest": [],
    "created_at": "2025-07-04T03:01:06.876170",
    "status": "running",
    "output_chain": {
      "T001": {
        "initial_thoughts": "Okay, I need to create a basic HTML structure for a one-page portfolio website with a dark theme, including necessary meta tags and CDN links for Tailwind CSS, Flowbite, Animate.css, and Splide.js. Since it's a new and relatively small file, I'll create it directly.",
        "output": {},
        "call_self": false,
        "files": {
          "index.html": "<!DOCTYPE html>\n<html lang=\"en\">\n<head>\n    <meta charset=\"UTF-8\">\n    <meta name=\"viewport\" content=\"width=device-width, initial-scale=1.0\">\n    <title>Software Hacker Portfolio</title>\n    <!-- Meta Tags -->\n    <meta name=\"description\" content=\"Professional portfolio website for a Software Hacker.\">\n    <meta name=\"keywords\" content=\"portfolio, software hacker, dark theme, tailwind css\">\n    <meta name=\"author\" content=\"CoderAgent\">\n\n    <!-- Tailwind CSS CDN -->\n    <link href=\"https://cdn.jsdelivr.net/npm/tailwindcss@2.2.19/dist/tailwind.min.css\" rel=\"stylesheet\">\n\n    <!-- Flowbite CDN -->\n    <link href=\"https://cdnjs.cloudflare.com/ajax/libs/flowbite/1.8.1/flowbite.min.css\" rel=\"stylesheet\" />\n\n    <!-- Animate.css CDN -->\n    <link rel=\"stylesheet\" href=\"https://cdnjs.cloudflare.com/ajax/libs/animate.css/4.1.1/animate.min.css\"/>\n\n    <!-- Splide.js CDN -->\n    <link rel=\"stylesheet\" href=\"https://cdn.jsdelivr.net/npm/@splidejs/splide@4.1.4/dist/css/splide.min.css\">\n\n    <!-- Custom Styles -->\n    <style>\n        body {\n            background-color: #1a202c; /* Charcoal base */\n            color: #f5f5dc; /* Beige text */\n            font-family: 'Segoe UI', Tahoma, Geneva, Verdana, sans-serif; /* Elegant typography */\n        }\n        /* Add more custom styles here */\n    </style>\n</head>\n<body class=\"bg-gray-900 text-gray-50\">\n    <!-- Header -->\n    <header class=\"sticky top-0 bg-gray-800 bg-opacity-75 backdrop-blur-md z-50\">\n        <nav class=\"container mx-auto py-4 px-6\">\n            <div class=\"flex items-center justify-between\">\n                <a href=\"#\" class=\"text-2xl font-semibold\">Software Hacker</a>\n                <div class=\"space-x-6\">\n                    <a href=\"#hero\" class=\"hover:text-orange-300 transition-colors\">Hero</a>\n                    <a href=\"#about\" class=\"hover:text-orange-300 transition-colors\">About</a>\n                    <a href=\"#gallery\" class=\"hover:text-orange-300 transition-colors\">Gallery</a>\n                    <a href=\"#contact\" class=\"hover:text-orange-300 transition-colors\">Contact</a>\n                </div>\n            </div>\n        </nav>\n    </header>\n\n    <!-- Hero Section -->\n    <section id=\"hero\" class=\"py-20\">\n        <div class=\"container mx-auto px-6 text-center\">\n            <h1 class=\"text-5xl font-bold mb-4 animate__animated animate__fadeInUp\">Welcome to My Portfolio</h1>\n            <p class=\"text-xl mb-8 animate__animated animate__fadeInUp animate__delay-1s\">Showcasing my skills as a Software Hacker</p>\n            <a href=\"#contact\" class=\"bg-orange-500 hover:bg-orange-700 text-white font-bold py-3 px-8 rounded-full transition-colors animate__animated animate__fadeInUp animate__delay-2s\">Contact Me</a>\n        </div>\n    </section>\n\n    <!-- About Section -->\n    <section id=\"about\" class=\"py-20\">\n        <div class=\"container mx-auto px-6\">\n            <h2 class=\"text-3xl font-bold mb-6\">About Me</h2>\n            <p class=\"mb-4\">A brief introduction about my background and skills.</p>\n            <!-- Timeline Component Here -->\n        </div>\n    </section>\n\n    <!-- Gallery Section -->\n    <section id=\"gallery\" class=\"py-20\">\n        <div class=\"container mx-auto px-6\">\n            <h2 class=\"text-3xl font-bold mb-6\">Gallery</h2>\n            <!-- Splide.js Gallery Here -->\n        </div>\n    </section>\n\n    <!-- Contact Section -->\n    <section id=\"contact\" class=\"py-20\">\n        <div class=\"container mx-auto px-6\">\n            <h2 class=\"text-3xl font-bold mb-6\">Contact</h2>\n            <!-- Contact Form Here -->\n        </div>\n    </section>\n\n    <!-- Footer -->\n    <footer class=\"bg-gray-800 py-8\">\n        <div class=\"container mx-auto px-6 text-center\">\n            <p>&copy; 2023 Software Hacker. All rights reserved.</p>\n        </div>\n    </footer>\n\n    <!-- Flowbite JS -->\n    <script src=\"https://cdnjs.cloudflare.com/ajax/libs/flowbite/1.8.1/flowbite.min.js\"></script>\n\n    <!-- Splide.js -->\n    <script src=\"https://cdn.jsdelivr.net/npm/@splidejs/splide@4.1.4/dist/js/splide.min.js\"></script>\n    <script>\n        document.addEventListener( 'DOMContentLoaded', function() {\n            // Initialize Splide\n            var splide = new Splide( '.splide', {\n                type   : 'loop',\n                perPage: 3,\n                gap    : '1rem',\n                autoplay: true,\n                resetProgress: false,\n                arrows: false,\n                pagination: false,\n                breakpoints: {\n                    640: {\n                        perPage: 1,\n                    },\n                    768: {\n                        perPage: 2,\n                    },\n                    1024: {\n                        perPage: 3,\n                    },\n                }\n            } );\n            splide.mount();\n        } );\n    </script>\n</body>\n</html>"
        },
        "cost": 0.000698625,
        "input_tokens": 2125.5,
        "output_tokens": 633.0,
        "total_tokens": 2758.5,
        "execution_result": {
          "status": "success",
          "session_id": "51598066",
          "operations": [
            "direct_files"
          ],
          "created_files": [
            "media\\generated\\51598066\\index.html"
          ],
          "file_results": {
            "created_files": [
              "media\\generated\\51598066\\index.html"
            ],
            "file_count": 1,
            "total_size": 4837,
            "status": "success",
            "errors": [],
            "execution_time": 0.0026911000022664666
          },
          "code_results": {},
          "total_time": 0.005514699994819239,
          "error": null
        },
        "created_files": [
          "media\\generated\\51598066\\index.html"
        ]
      }
    },
    "validation_results": {
      "is_valid": true,
      "is_dag": true,
      "cycles": [],
      "disconnected_components": [],
      "orphaned_nodes": [],
      "root_nodes": [],
      "leaf_nodes": [
        "T012"
      ],
      "warnings": [],
      "errors": []
    }
  },
  "nodes": [
    {
      "description": "Initial Query",
      "agent": "System",
      "status": "completed",
      "id": "ROOT"
    },
    {
      "id": "T001",
      "description": "Create the basic HTML structure for the one-page portfolio website (index.html) including the necessary meta tags, title, and CDN links for Tailwind CSS, Flowbite, Animate.css, and Splide.js; add initial CSS for dark theme (black/charcoal base, beige/muted orange accents, elegant typography, refined spacing).",
      "agent": "CoderAgent",
      "agent_prompt": "Create a basic HTML structure for a one-page portfolio website with a dark theme (black/charcoal base, beige/muted orange accents, elegant typography, refined spacing). Include the necessary meta tags and CDN links for Tailwind CSS, Flowbite, Animate.css, and Splide.js. The file name must be index.html",
      "reads": [],
      "writes": [
        "T001"
      ],
      "status": "completed",
      "output": {
        "initial_thoughts": "Okay, I need to create a basic HTML structure for a one-page portfolio website with a dark theme, including necessary meta tags and CDN links for Tailwind CSS, Flowbite, Animate.css, and Splide.js. Since it's a new and relatively small file, I'll create it directly.",
        "output": {},
        "call_self": false,
        "files": {
          "index.html": "<!DOCTYPE html>\n<html lang=\"en\">\n<head>\n    <meta charset=\"UTF-8\">\n    <meta name=\"viewport\" content=\"width=device-width, initial-scale=1.0\">\n    <title>Software Hacker Portfolio</title>\n    <!-- Meta Tags -->\n    <meta name=\"description\" content=\"Professional portfolio website for a Software Hacker.\">\n    <meta name=\"keywords\" content=\"portfolio, software hacker, dark theme, tailwind css\">\n    <meta name=\"author\" content=\"CoderAgent\">\n\n    <!-- Tailwind CSS CDN -->\n    <link href=\"https://cdn.jsdelivr.net/npm/tailwindcss@2.2.19/dist/tailwind.min.css\" rel=\"stylesheet\">\n\n    <!-- Flowbite CDN -->\n    <link href=\"https://cdnjs.cloudflare.com/ajax/libs/flowbite/1.8.1/flowbite.min.css\" rel=\"stylesheet\" />\n\n    <!-- Animate.css CDN -->\n    <link rel=\"stylesheet\" href=\"https://cdnjs.cloudflare.com/ajax/libs/animate.css/4.1.1/animate.min.css\"/>\n\n    <!-- Splide.js CDN -->\n    <link rel=\"stylesheet\" href=\"https://cdn.jsdelivr.net/npm/@splidejs/splide@4.1.4/dist/css/splide.min.css\">\n\n    <!-- Custom Styles -->\n    <style>\n        body {\n            background-color: #1a202c; /* Charcoal base */\n            color: #f5f5dc; /* Beige text */\n            font-family: 'Segoe UI', Tahoma, Geneva, Verdana, sans-serif; /* Elegant typography */\n        }\n        /* Add more custom styles here */\n    </style>\n</head>\n<body class=\"bg-gray-900 text-gray-50\">\n    <!-- Header -->\n    <header class=\"sticky top-0 bg-gray-800 bg-opacity-75 backdrop-blur-md z-50\">\n        <nav class=\"container mx-auto py-4 px-6\">\n            <div class=\"flex items-center justify-between\">\n                <a href=\"#\" class=\"text-2xl font-semibold\">Software Hacker</a>\n                <div class=\"space-x-6\">\n                    <a href=\"#hero\" class=\"hover:text-orange-300 transition-colors\">Hero</a>\n                    <a href=\"#about\" class=\"hover:text-orange-300 transition-colors\">About</a>\n                    <a href=\"#gallery\" class=\"hover:text-orange-300 transition-colors\">Gallery</a>\n                    <a href=\"#contact\" class=\"hover:text-orange-300 transition-colors\">Contact</a>\n                </div>\n            </div>\n        </nav>\n    </header>\n\n    <!-- Hero Section -->\n    <section id=\"hero\" class=\"py-20\">\n        <div class=\"container mx-auto px-6 text-center\">\n            <h1 class=\"text-5xl font-bold mb-4 animate__animated animate__fadeInUp\">Welcome to My Portfolio</h1>\n            <p class=\"text-xl mb-8 animate__animated animate__fadeInUp animate__delay-1s\">Showcasing my skills as a Software Hacker</p>\n            <a href=\"#contact\" class=\"bg-orange-500 hover:bg-orange-700 text-white font-bold py-3 px-8 rounded-full transition-colors animate__animated animate__fadeInUp animate__delay-2s\">Contact Me</a>\n        </div>\n    </section>\n\n    <!-- About Section -->\n    <section id=\"about\" class=\"py-20\">\n        <div class=\"container mx-auto px-6\">\n            <h2 class=\"text-3xl font-bold mb-6\">About Me</h2>\n            <p class=\"mb-4\">A brief introduction about my background and skills.</p>\n            <!-- Timeline Component Here -->\n        </div>\n    </section>\n\n    <!-- Gallery Section -->\n    <section id=\"gallery\" class=\"py-20\">\n        <div class=\"container mx-auto px-6\">\n            <h2 class=\"text-3xl font-bold mb-6\">Gallery</h2>\n            <!-- Splide.js Gallery Here -->\n        </div>\n    </section>\n\n    <!-- Contact Section -->\n    <section id=\"contact\" class=\"py-20\">\n        <div class=\"container mx-auto px-6\">\n            <h2 class=\"text-3xl font-bold mb-6\">Contact</h2>\n            <!-- Contact Form Here -->\n        </div>\n    </section>\n\n    <!-- Footer -->\n    <footer class=\"bg-gray-800 py-8\">\n        <div class=\"container mx-auto px-6 text-center\">\n            <p>&copy; 2023 Software Hacker. All rights reserved.</p>\n        </div>\n    </footer>\n\n    <!-- Flowbite JS -->\n    <script src=\"https://cdnjs.cloudflare.com/ajax/libs/flowbite/1.8.1/flowbite.min.js\"></script>\n\n    <!-- Splide.js -->\n    <script src=\"https://cdn.jsdelivr.net/npm/@splidejs/splide@4.1.4/dist/js/splide.min.js\"></script>\n    <script>\n        document.addEventListener( 'DOMContentLoaded', function() {\n            // Initialize Splide\n            var splide = new Splide( '.splide', {\n                type   : 'loop',\n                perPage: 3,\n                gap    : '1rem',\n                autoplay: true,\n                resetProgress: false,\n                arrows: false,\n                pagination: false,\n                breakpoints: {\n                    640: {\n                        perPage: 1,\n                    },\n                    768: {\n                        perPage: 2,\n                    },\n                    1024: {\n                        perPage: 3,\n                    },\n                }\n            } );\n            splide.mount();\n        } );\n    </script>\n</body>\n</html>"
        },
        "cost": 0.000698625,
        "input_tokens": 2125.5,
        "output_tokens": 633.0,
        "total_tokens": 2758.5,
        "execution_result": {
          "status": "success",
          "session_id": "51598066",
          "operations": [
            "direct_files"
          ],
          "created_files": [
            "media\\generated\\51598066\\index.html"
          ],
          "file_results": {
            "created_files": [
              "media\\generated\\51598066\\index.html"
            ],
            "file_count": 1,
            "total_size": 4837,
            "status": "success",
            "errors": [],
            "execution_time": 0.0026911000022664666
          },
          "code_results": {},
          "total_time": 0.005514699994819239,
          "error": null
        },
        "created_files": [
          "media\\generated\\51598066\\index.html"
        ]
      },
      "error": null,
      "cost": 0.0,
      "start_time": "2025-07-04T03:01:06.904490",
      "end_time": "2025-07-04T03:01:17.185113",
      "execution_time": 10.280623,
      "execution_result": {
        "status": "success",
        "session_id": "51598066",
        "operations": [
          "direct_files"
        ],
        "created_files": [
          "media\\generated\\51598066\\index.html"
        ],
        "file_results": {
          "created_files": [
            "media\\generated\\51598066\\index.html"
          ],
          "file_count": 1,
          "total_size": 4837,
          "status": "success",
          "errors": [],
          "execution_time": 0.0026911000022664666
        },
        "code_results": {},
        "total_time": 0.005514699994819239,
        "error": null
      },
      "input_tokens": 0,
      "output_tokens": 0
    },
    {
      "id": "T002",
      "description": "Add a sticky header to the index.html file with anchor links to different sections of the page (Hero, About, Gallery/Services, Contact).",
      "agent": "CoderAgent",
      "agent_prompt": "Add a sticky header with anchor links to different sections of the page (Hero, About, Gallery/Services, Contact) to the index.html file created in the previous step. Ensure the header is visually appealing within the dark theme.",
      "reads": [
        "T001"
      ],
      "writes": [
        "T002"
      ],
      "status": "failed",
      "output": null,
      "error": "Code execution failed: Code execution failed: All code variants failed. Errors: CODE_1: ImportError: __import__ not found",
      "cost": 0.0,
      "start_time": "2025-07-04T03:01:17.211112",
      "end_time": "2025-07-04T03:01:22.483562",
      "execution_time": 5.27245
    },
    {
      "id": "T003",
      "description": "Create a hero section in index.html with a full-screen image (https://picsum.photos/1600/900?blur=1), headline, and a brief introduction. Use Tailwind CSS for styling and responsiveness.",
      "agent": "CoderAgent",
      "agent_prompt": "Create a hero section with a full-screen image (https://picsum.photos/1600/900?blur=1), headline, and a brief introduction in index.html. Use Tailwind CSS for styling and responsiveness. Make sure the transition to other sections are smooth.",
      "reads": [
        "T002"
      ],
      "writes": [
        "T003"
      ],
      "status": "pending",
      "output": null,
      "error": null,
      "cost": 0.0,
      "start_time": null,
      "end_time": null,
      "execution_time": 0.0
    },
    {
      "id": "T004",
      "description": "Implement animated counters (clients, projects, years) in index.html using HTML, CSS and Javascript.",
      "agent": "CoderAgent",
      "agent_prompt": "Implement animated counters (clients, projects, years) using HTML, CSS and Javascript in index.html. These counters should animate when the user scrolls to that section and fit in the theme.",
      "reads": [
        "T003"
      ],
      "writes": [
        "T004"
      ],
      "status": "pending",
      "output": null,
      "error": null,
      "cost": 0.0,
      "start_time": null,
      "end_time": null,
      "execution_time": 0.0
    },
    {
      "id": "T005",
      "description": "Add category highlight cards to index.html (https://picsum.photos/400/600?grayscale/random=1). Each card should showcase a different skill or project category with an image and title.  Use Tailwind CSS and make sure they are responsive on all screens.",
      "agent": "CoderAgent",
      "agent_prompt": "Add category highlight cards (https://picsum.photos/400/600?grayscale/random=1) to the `index.html` file. Each card should showcase a different skill or project category with an image and title.  Use Tailwind CSS and ensure the cards are responsive on all screens. Each card should be distinct, fitting the existing color palette, and use subtle scroll-in effects using Animate.css.",
      "reads": [
        "T004"
      ],
      "writes": [
        "T005"
      ],
      "status": "pending",
      "output": null,
      "error": null,
      "cost": 0.0,
      "start_time": null,
      "end_time": null,
      "execution_time": 0.0
    },
    {
      "id": "T006",
      "description": "Create an \"About\" section in index.html, including a mission statement and a timeline showcasing the software hacker's career progression. Make the timeline visually appealing and integrate it into the dark theme.",
      "agent": "CoderAgent",
      "agent_prompt": "Create an \"About\" section, including a mission statement and a timeline showcasing the software hacker's career progression, to the index.html file. Design the timeline to be visually appealing and consistent with the dark theme.  Incorporate Animate.css for smooth scrolling effects to reveal parts of the timeline.",
      "reads": [
        "T005"
      ],
      "writes": [
        "T006"
      ],
      "status": "pending",
      "output": null,
      "error": null,
      "cost": 0.0,
      "start_time": null,
      "end_time": null,
      "execution_time": 0.0
    },
    {
      "id": "T007",
      "description": "Implement a Gallery or Services grid in index.html, showcasing 6-8 projects with images and descriptions. Use Splide.js for a horizontally scrolling image gallery within the grid. Ensure responsiveness and visual appeal.",
      "agent": "CoderAgent",
      "agent_prompt": "Implement a Gallery or Services grid, showcasing 6-8 projects with images and descriptions in index.html. Integrate Splide.js for a horizontally scrolling image gallery within the grid. Ensure the grid is responsive and maintains visual appeal. The images should have a consistent look and the transitions in the image gallery must be smooth. Add Animate.css to reveal the section with a subtle scroll-in effect.",
      "reads": [
        "T006"
      ],
      "writes": [
        "T007"
      ],
      "status": "pending",
      "output": null,
      "error": null,
      "cost": 0.0,
      "start_time": null,
      "end_time": null,
      "execution_time": 0.0
    },
    {
      "id": "T008",
      "description": "Integrate a testimonial slider into index.html using Splide.js. Fetch or create dummy testimonial data and display it in a carousel format. Style the slider to match the dark theme and ensure it's responsive.",
      "agent": "CoderAgent",
      "agent_prompt": "Integrate a testimonial slider using Splide.js into index.html. Include dummy testimonial data and style the slider to match the dark theme and ensure it's responsive. Make sure the slider's appearance is consistent with the other elements and the transitions are smooth.",
      "reads": [
        "T007"
      ],
      "writes": [
        "T008"
      ],
      "status": "pending",
      "output": null,
      "error": null,
      "cost": 0.0,
      "start_time": null,
      "end_time": null,
      "execution_time": 0.0
    },
    {
      "id": "T009",
      "description": "Add a Contact form to index.html with fields for name, email, and message. Style the form appropriately and ensure it's functional (basic HTML form structure).",
      "agent": "CoderAgent",
      "agent_prompt": "Add a Contact form with fields for name, email, and message to the index.html file. Style the form to be visually appealing and consistent with the overall dark theme. The form structure should be HTML-based, with appropriate styling.",
      "reads": [
        "T008"
      ],
      "writes": [
        "T009"
      ],
      "status": "pending",
      "output": null,
      "error": null,
      "cost": 0.0,
      "start_time": null,
      "end_time": null,
      "execution_time": 0.0
    },
    {
      "id": "T010",
      "description": "Add a footer to index.html with social media icons and links. Style the footer to be consistent with the dark theme and ensure it is responsive. Add links to social platforms and make sure it is visually consistent.",
      "agent": "CoderAgent",
      "agent_prompt": "Add a footer section to index.html containing social media icons/links. Style the footer elements to blend seamlessly with the site's dark theme. Add appropriate links to these social media pages and test for responsiveness.",
      "reads": [
        "T009"
      ],
      "writes": [
        "T010"
      ],
      "status": "pending",
      "output": null,
      "error": null,
      "cost": 0.0,
      "start_time": null,
      "end_time": null,
      "execution_time": 0.0
    },
    {
      "id": "T011",
      "description": "Perform a final audit of the index.html file to ensure proper spacing, contrast, and visual balance. Refine the design to achieve a premium Software Hacker look, ensuring all sections are well-integrated and responsive.",
      "agent": "CoderAgent",
      "agent_prompt": "Perform a comprehensive audit of the index.html file, paying close attention to spacing, contrast, and overall visual balance. Make any necessary adjustments to achieve a professional and premium Software Hacker look. Ensure consistent design elements across all sections and verify responsiveness. If possible, include browser specific prefixes for improved compatibilty.",
      "reads": [
        "T010"
      ],
      "writes": [
        "T011"
      ],
      "status": "pending",
      "output": null,
      "error": null,
      "cost": 0.0,
      "start_time": null,
      "end_time": null,
      "execution_time": 0.0
    },
    {
      "id": "T012",
      "description": "Summarize the work done by the CoderAgent to verify that all the requirements were followed.",
      "agent": "DistillerAgent",
      "agent_prompt": "Summarize the HTML file and verify that all the requirements were followed. The website must be single page and dark theme, with all of the components in the requirements: sticky header with anchor links, hero section with fullscreen image, category highlight cards, animated counters, About, Gallery or Services grid, Contact form, and footer with social icons. Use Tailwind CSS, Flowbite, Animate.css (for scroll-in section reveals and CTA hover transitions), and Splide.js.",
      "reads": [
        "T011"
      ],
      "writes": [
        "T012"
      ],
      "status": "pending",
      "output": null,
      "error": null,
      "cost": 0.0,
      "start_time": null,
      "end_time": null,
      "execution_time": 0.0
    }
  ],
  "links": [
    {
      "source": "ROOT",
      "target": "T001"
    },
    {
      "source": "T001",
      "target": "T002"
    },
    {
      "source": "T002",
      "target": "T003"
    },
    {
      "source": "T003",
      "target": "T004"
    },
    {
      "source": "T004",
      "target": "T005"
    },
    {
      "source": "T005",
      "target": "T006"
    },
    {
      "source": "T006",
      "target": "T007"
    },
    {
      "source": "T007",
      "target": "T008"
    },
    {
      "source": "T008",
      "target": "T009"
    },
    {
      "source": "T009",
      "target": "T010"
    },
    {
      "source": "T010",
      "target": "T011"
    },
    {
      "source": "T011",
      "target": "T012"
    }
  ]
}