{
  "directed": true,
  "multigraph": false,
  "graph": {
    "session_id": "51594684",
    "original_query": "Create a professional one-page dark-themed portfolio website for a photographer using Tailwind CSS, Flowbite, Animate.css (for scroll-in section reveals and CTA hover transitions), and Splide.js (for a testimonial carousel and horizontally scrolling image gallery); use CDN only (no build tools); apply a sleek black/charcoal base, warm beige/muted orange accents, elegant typography, refined spacing, subtle transitions (no glows/neons); include sticky header with anchor links, hero section with fullscreen image (https://picsum.photos/1600/900?blur=1), category highlight cards (https://picsum.photos/400/600?grayscale), animated counters (clients, projects, years), About (mission, timeline), Gallery or Services grid (6–8 projects), Contact form (name/email/message), and footer with social icons; keep layout responsive and professional, with no lorem ipsum, real readable text, and pure HTML/CSS/JS; use CoderAgent in 9–10 precise updates (meta, header, hero, counters, cards, timeline, gallery, testimonial slider, contact form, layout cleanup), and finally audit spacing, contrast, and visual balance to ensure premium photographer look.",
    "file_manifest": [],
    "created_at": "2025-07-04T02:04:44.729653",
    "status": "running",
    "output_chain": {},
    "validation_results": {
      "is_valid": true,
      "is_dag": true,
      "cycles": [],
      "disconnected_components": [],
      "orphaned_nodes": [],
      "root_nodes": [],
      "leaf_nodes": [
        "T014"
      ],
      "warnings": [],
      "errors": []
    }
  },
  "nodes": [
    {
      "description": "Initial Query",
      "agent": "System",
      "status": "completed",
      "id": "ROOT"
    },
    {
      "id": "T001",
      "description": "Set up the basic HTML structure, include Tailwind CSS, Flowbite, Animate.css, and Splide.js via CDNs, and create a basic dark theme CSS.",
      "agent": "CoderAgent",
      "agent_prompt": "Create a basic HTML structure for a one-page website. Include Tailwind CSS, Flowbite, Animate.css, and Splide.js via CDNs. Set up a basic dark theme with a black/charcoal base, warm beige/muted orange accents, and elegant typography. Include basic sections: header, hero, category highlight cards, animated counters, about, gallery, contact form, and footer.",
      "reads": [],
      "writes": [
        "T001"
      ],
      "status": "running",
      "output": null,
      "error": null,
      "cost": 0.0,
      "start_time": "2025-07-04T02:04:44.759401",
      "end_time": null,
      "execution_time": 0.0
    },
    {
      "id": "T002",
      "description": "Create a sticky header with anchor links to different sections of the page.",
      "agent": "CoderAgent",
      "agent_prompt": "Using the HTML structure from T001, create a sticky header with anchor links to the hero section, category highlight cards, animated counters, about section, gallery/services grid, contact form, and footer. Ensure the header is responsive and adapts to different screen sizes.",
      "reads": [
        "T001"
      ],
      "writes": [
        "T002"
      ],
      "status": "pending",
      "output": null,
      "error": null,
      "cost": 0.0,
      "start_time": null,
      "end_time": null,
      "execution_time": 0.0
    },
    {
      "id": "T003",
      "description": "Design the hero section with a full-screen blurred image from https://picsum.photos/1600/900?blur=1.",
      "agent": "CoderAgent",
      "agent_prompt": "Using the HTML structure from T002, design the hero section with a full-screen blurred image from https://picsum.photos/1600/900?blur=1. Add a title and a brief description related to photography. Use Tailwind CSS for styling.",
      "reads": [
        "T002"
      ],
      "writes": [
        "T003"
      ],
      "status": "pending",
      "output": null,
      "error": null,
      "cost": 0.0,
      "start_time": null,
      "end_time": null,
      "execution_time": 0.0
    },
    {
      "id": "T004",
      "description": "Implement animated counters for clients, projects, and years of experience.",
      "agent": "CoderAgent",
      "agent_prompt": "Using the HTML structure from T003, implement animated counters for clients, projects, and years of experience. Use JavaScript to animate the counters on page load. Style the counters to fit the dark theme.",
      "reads": [
        "T003"
      ],
      "writes": [
        "T004"
      ],
      "status": "pending",
      "output": null,
      "error": null,
      "cost": 0.0,
      "start_time": null,
      "end_time": null,
      "execution_time": 0.0
    },
    {
      "id": "T005",
      "description": "Create category highlight cards using images from https://picsum.photos/400/600?grayscale.",
      "agent": "CoderAgent",
      "agent_prompt": "Using the HTML structure from T004, create category highlight cards using images from https://picsum.photos/400/600?grayscale. Add a title and a brief description for each category. Style the cards to fit the dark theme and make them responsive.",
      "reads": [
        "T004"
      ],
      "writes": [
        "T005"
      ],
      "status": "pending",
      "output": null,
      "error": null,
      "cost": 0.0,
      "start_time": null,
      "end_time": null,
      "execution_time": 0.0
    },
    {
      "id": "T006",
      "description": "Develop the 'About' section with a mission statement and a timeline of the photographer's career.",
      "agent": "CoderAgent",
      "agent_prompt": "Using the HTML structure from T005, develop the 'About' section with a mission statement and a timeline of the photographer's career. Use a visually appealing design for the timeline. Style the section to fit the dark theme.",
      "reads": [
        "T005"
      ],
      "writes": [
        "T006"
      ],
      "status": "pending",
      "output": null,
      "error": null,
      "cost": 0.0,
      "start_time": null,
      "end_time": null,
      "execution_time": 0.0
    },
    {
      "id": "T007",
      "description": "Design a gallery or services grid showcasing 6-8 projects.",
      "agent": "CoderAgent",
      "agent_prompt": "Using the HTML structure from T006, design a gallery or services grid showcasing 6-8 projects. Use a responsive grid layout. Use placeholder images for now. Ensure the gallery integrates seamlessly with the dark theme.",
      "reads": [
        "T006"
      ],
      "writes": [
        "T007"
      ],
      "status": "pending",
      "output": null,
      "error": null,
      "cost": 0.0,
      "start_time": null,
      "end_time": null,
      "execution_time": 0.0
    },
    {
      "id": "T008",
      "description": "Implement the testimonial slider using Splide.js.",
      "agent": "CoderAgent",
      "agent_prompt": "Using the HTML structure from T007, implement the testimonial slider using Splide.js. Add placeholder testimonials and style the slider to fit the dark theme. The testimonial slider needs to be horizontally oriented.",
      "reads": [
        "T007"
      ],
      "writes": [
        "T008"
      ],
      "status": "pending",
      "output": null,
      "error": null,
      "cost": 0.0,
      "start_time": null,
      "end_time": null,
      "execution_time": 0.0
    },
    {
      "id": "T009",
      "description": "Create a contact form with name, email, and message fields.",
      "agent": "CoderAgent",
      "agent_prompt": "Using the HTML structure from T008, create a contact form with name, email, and message fields. Style the form to fit the dark theme and make it responsive.",
      "reads": [
        "T008"
      ],
      "writes": [
        "T009"
      ],
      "status": "pending",
      "output": null,
      "error": null,
      "cost": 0.0,
      "start_time": null,
      "end_time": null,
      "execution_time": 0.0
    },
    {
      "id": "T010",
      "description": "Design the footer with social media icons.",
      "agent": "CoderAgent",
      "agent_prompt": "Using the HTML structure from T009, design the footer with social media icons. Link the icons to relevant social media profiles. Style the footer to fit the dark theme.",
      "reads": [
        "T009"
      ],
      "writes": [
        "T010"
      ],
      "status": "pending",
      "output": null,
      "error": null,
      "cost": 0.0,
      "start_time": null,
      "end_time": null,
      "execution_time": 0.0
    },
    {
      "id": "T011",
      "description": "Apply scroll-in section reveals and CTA hover transitions using Animate.css.",
      "agent": "CoderAgent",
      "agent_prompt": "Using the HTML structure from T010, apply scroll-in section reveals and CTA hover transitions using Animate.css. Ensure the animations are subtle and refined, avoiding glows and neons.",
      "reads": [
        "T010"
      ],
      "writes": [
        "T011"
      ],
      "status": "pending",
      "output": null,
      "error": null,
      "cost": 0.0,
      "start_time": null,
      "end_time": null,
      "execution_time": 0.0
    },
    {
      "id": "T012",
      "description": "Final layout cleanup, responsiveness check, and audit spacing, contrast, and visual balance.",
      "agent": "CoderAgent",
      "agent_prompt": "Using the HTML structure from T011, perform a final layout cleanup, check responsiveness across different devices, and audit spacing, contrast, and visual balance to ensure a premium photographer look. Replace any placeholder images with images from https://picsum.photos/400/600?grayscale.",
      "reads": [
        "T011"
      ],
      "writes": [
        "T012"
      ],
      "status": "pending",
      "output": null,
      "error": null,
      "cost": 0.0,
      "start_time": null,
      "end_time": null,
      "execution_time": 0.0
    },
    {
      "id": "T013",
      "description": "Format the HTML to be more readable, and present it in a single file, ready to be deployed.",
      "agent": "FormatterAgent",
      "agent_prompt": "Take the fully coded HTML from T012 and present it in a well-formatted, single HTML file. Ensure proper indentation and readability.",
      "reads": [
        "T012"
      ],
      "writes": [
        "T013"
      ],
      "status": "pending",
      "output": null,
      "error": null,
      "cost": 0.0,
      "start_time": null,
      "end_time": null,
      "execution_time": 0.0
    },
    {
      "id": "T014",
      "description": "Summarize the completed job.",
      "agent": "DistillerAgent",
      "agent_prompt": "Summarize the code produced and the steps taken.",
      "reads": [
        "T013"
      ],
      "writes": [
        "T014"
      ],
      "status": "pending",
      "output": null,
      "error": null,
      "cost": 0.0,
      "start_time": null,
      "end_time": null,
      "execution_time": 0.0
    }
  ],
  "links": [
    {
      "source": "ROOT",
      "target": "T001"
    },
    {
      "source": "T001",
      "target": "T002"
    },
    {
      "source": "T002",
      "target": "T003"
    },
    {
      "source": "T003",
      "target": "T004"
    },
    {
      "source": "T004",
      "target": "T005"
    },
    {
      "source": "T005",
      "target": "T006"
    },
    {
      "source": "T006",
      "target": "T007"
    },
    {
      "source": "T007",
      "target": "T008"
    },
    {
      "source": "T008",
      "target": "T009"
    },
    {
      "source": "T009",
      "target": "T010"
    },
    {
      "source": "T010",
      "target": "T011"
    },
    {
      "source": "T011",
      "target": "T012"
    },
    {
      "source": "T012",
      "target": "T013"
    },
    {
      "source": "T013",
      "target": "T014"
    }
  ]
}